<?xml version="1.0" encoding="UTF-8"?>
<b:beans xmlns="http://www.springframework.org/schema/security"
	xmlns:b="http://www.springframework.org/schema/beans" xmlns:xsi="http://www.w3.org/2001/XMLSchema-instance"
	xsi:schemaLocation="http://www.springframework.org/schema/beans http://www.springframework.org/schema/beans/spring-beans-2.0.xsd
                        http://www.springframework.org/schema/security http://www.springframework.org/schema/security/spring-security-2.0.1.xsd">
        
        <b:bean id="loggerListener" class="org.springframework.security.event.authentication.LoggerListener" />  
          
       <global-method-security secured-annotations="enabled">  
           <!-- AspectJ pointcut expression that locates all methods and applies security that way,
           can also use @secure in each service -->  
           <!-- 
           <protect-pointcut expression="execution(* com.mtrchome.accmgm.*Service.*(..))" access="ROLE_USER,ROLE_SUPERVISOR,ROLE_ESTATE"/>
            -->  
       </global-method-security>  
         
      
       <http auto-config="false" entry-point-ref="myAuthenticationEntryPoint" access-denied-page="/pages/error/accessDenied.jsp" session-fixation-protection="none">  
           <intercept-url pattern="/login*" filters="none"/>
           <intercept-url pattern="/blank.jsp" filters="none" />
           <intercept-url pattern="/web-inf/pages/login*" filters="none"/>
           <intercept-url pattern="/pages/error/**" filters="none"/>
           <intercept-url pattern="/css/**" filters="none"/>
           <intercept-url pattern="/images/**" filters="none"/>
           <intercept-url pattern="/js/**" filters="none"/>
           <intercept-url pattern="/swf/**" filters="none"/>
           <intercept-url pattern="/ajax*" filters="none"/>
           <intercept-url pattern="/login_page_resource/**" filters="none"/>
           <intercept-url pattern="/web-inf/pages/activation/**" filters="none"/>
           <intercept-url pattern="/web-inf/pages/forgetPassword/**" filters="none"/>
           <intercept-url pattern="/activat*" filters="none"/>
           <intercept-url pattern="/forgot*" filters="none"/>
           <!-- <intercept-url pattern="/WEB-INF/tiles/**" filters="none"/> -->
           <intercept-url pattern="/admin*" access="ROLE_SUPERVISOR,ROLE_ESTATE,ROLE_OPERATOR"/>    
           <intercept-url pattern="/pages/admin/**" access="ROLE_SUPERVISOR,ROLE_ESTATE,ROLE_OPERATOR"/>
           <intercept-url pattern="/web-inf/pages/admin/**" access="ROLE_SUPERVISOR,ROLE_ESTATE,ROLE_OPERATOR"/>
           <intercept-url pattern="/**" access="ROLE_USER,ROLE_SUPERVISOR,ROLE_ESTATE,ROLE_OPERATOR,ROLE_CONTRACTOR" />
           <!-- Forum access control - 20100224 -->  
           <intercept-url pattern="/foru*" access="ROLE_USER,ROLE_SUPERVISOR,ROLE_ESTATE,ROLE_OPERATOR" />        
           <intercept-url pattern="/pages/forum/**" access="ROLE_SUPERVISOR,ROLE_ESTATE,ROLE_OPERATOR,ROLE_USER"/>
           
           <!-- <form-login login-page="/login.jsp" authentication-failure-url="/login.jsp?login_error=1" default-target-url="/main.action" />  
           <logout logout-success-url="/login.jsp"/> -->  
           <!--<concurrent-session-control max-sessions="1" exception-if-maximum-exceeded="true"/>-->  
       </http>  
       

	<b:bean id="customizedFormLoginFilter"
		class="com.mtrchome.security.CustomAuthenticationFilter">

		<custom-filter position="AUTHENTICATION_PROCESSING_FILTER" />
		<!-- After a successful login, the user will be taken to this page	-->
		<b:property name="defaultTargetUrl" value="/editProfile.action" />
		<b:property name="authenticationFailureUrl" value="/login?login_error=1" />
		<b:property name="filterProcessesUrl" value="/j_spring_security_check" />
		
		<b:property name="rememberMeServices" ref="rememberMeServices" /> 
		<b:property name="authenticationManager" ref="authenticationManager" />
		<b:property name="allowSessionCreation" value="true" /> <!--Allow the application to create sessions-->

	</b:bean>       
	
	<authentication-manager alias="authenticationManager" />
      
    <!-- <b:bean id="myAuthenticationEntryPoint" class="com.mtrchome.security.CustomAuthenticationEntryPoint">-->
    <b:bean id="myAuthenticationEntryPoint" class="org.springframework.security.ui.webapp.AuthenticationProcessingFilterEntryPoint">
		<b:property name="loginFormUrl" value="/login" />
		<!--  required for HTTPS -->
		<b:property name="forceHttps"   value="true"/>
		<b:property name="portMapper"   ref="portMapper"/>
		
	</b:bean>
	<!--  required for HTTPS--> 
	<b:bean id="portMapper" class="org.springframework.security.util.PortMapperImpl">
		<b:property name="portMappings">
	      <b:map>
	          <b:entry key="80"><b:value>443</b:value></b:entry>
	          <b:entry key="8080"><b:value>8443</b:value></b:entry>
	      </b:map>
	   </b:property>
	</b:bean>
	
	
		<b:bean id="logoutFilter"
	     class="org.springframework.security.ui.logout.LogoutFilter">
	     <custom-filter position="LOGOUT_FILTER" />
	     <!-- 20100105 -->
	     <!-- <b:constructor-arg value="/login"/> -->
	     <b:constructor-arg value="/blank.jsp"/>
	     <b:constructor-arg>
	        <b:list>
	            <b:ref bean="rememberMeServices"/>
	            <b:bean class="org.springframework.security.ui.logout.SecurityContextLogoutHandler"/>
	        </b:list>
	    </b:constructor-arg>
	 </b:bean> 	
	  
	 	<b:bean id="rememberMeProcessingFilter"
			class="org.springframework.security.ui.rememberme.RememberMeProcessingFilter">
		<!--	 <custom-filter position="REMEMBER_ME_FILTER" /> -->
		 <custom-filter before="AUTHENTICATION_PROCESSING_FILTER" /> 
		<b:property name="authenticationManager" ref="customRememberMeAuthen" />
		<b:property name="rememberMeServices" ref="rememberMeServices" />
		</b:bean>
	 
	<b:bean id="customRememberMeAuthen" class="com.mtrchome.security.CustomRememberMeAuthenMgr">
		<!-- <b:property name="userDAO" ref="userDAO" /> -->
	</b:bean>
	
	<b:bean id="rememberMeServices"    
        class="com.mtrchome.security.CustomRememberMeService">
        <b:property name="key" value="springsecurity" /> 
        <b:property name="userDetailsService" ref="userDAO" />
        <!-- <b:property name="tokenValiditySeconds" value="600"/> --> 
	</b:bean>
	
	<!-- 
	<b:bean id="rememberMeAuthenticationProvider" 
		   class="org.springframework.security.providers.rememberme.RememberMeAuthenticationProvide"> 
		<b:property name="key" value="springsecurity" />
	</b:bean>
	  -->
 
       <authentication-provider user-service-ref="userDAO">
 	      <password-encoder ref="passwordEncoder"/>
       
        <!--    <password-encoder hash="md5"/>  
           <salt-source user-property="salt"/>   -->
     </authentication-provider>  
     
       <b:bean id="jasyptPasswordEncryptor" class="org.jasypt.util.password.StrongPasswordEncryptor" />

  <!-- This Spring Security-friendly PasswordEncoder implementation will -->
  <!-- wrap the PasswordEncryptor instance so that it can be used from   -->
  <!-- the security framework.                                           -->
  <b:bean id="passwordEncoder" class="org.jasypt.spring.security2.PasswordEncoder">
    <b:property name="passwordEncryptor">
      <b:ref bean="jasyptPasswordEncryptor" />
    </b:property>
  </b:bean>
     
         
  </b:beans>  
