<!DOCTYPE tiles-definitions PUBLIC
        "-//Apache Software Foundation//DTD Tiles Configuration 2.0//EN"
        "http://struts.apache.org/dtds/tiles-config_2_0.dtd">

<tiles-definitions>
	<!-- Base Tiles Definition -->
    <definition name="base.definition" template="/WEB-INF/tiles/layout.jsp">
    	<!-- Changed top.html to top.jsp for control user to access links for force change password - 20091127 -->
        <put-attribute name="header" value="/WEB-INF/tiles/top.jsp"/>
        <put-attribute name="status" value="/WEB-INF/tiles/loginStatus.jsp"/>
        <put-attribute name="menu" value="/WEB-INF/tiles/leftNavMnu.jsp"/>
        <put-attribute name="switch" value="/WEB-INF/tiles/switch.htm"/>
        <put-attribute name="content" value="/WEB-INF/tiles/content.jsp"/>
        <put-attribute name="footer" value="/WEB-INF/tiles/bottom.jsp"/>
    </definition>
    
    <definition name="access.denied" template="/pages/error/accessDenied.jsp">
	</definition>
	
	<!-- Tiles Definition -->
	<definition name="accmgm.main" extends="base.definition">
		<put-attribute name="content" value="/pages/main.jsp" />
		<!-- <put-attribute name="menu" value="/WEB-INF/tiles/leftNavMnu.jsp?sel=s1subMenu0" />  -->
	</definition>

	<definition name="batchacc.upload" extends="base.definition">
		<put-attribute name="content" value="/WEB-INF/pages/admin/BatchAccCreate.jsp" />
	</definition>

	<definition name="site.list" extends="base.definition">
		<put-attribute name="content" value="/WEB-INF/pages/admin/SiteListing.jsp" />
	</definition>	
	
	<definition name="estate.list" extends="base.definition">
		<put-attribute name="content" value="/WEB-INF/pages/admin/EstateList.jsp" />
	</definition>	

	<definition name="estate.edit" extends="base.definition">
		<put-attribute name="content" value="/WEB-INF/pages/admin/Estate.jsp" />
	</definition>	
	
	<definition name="estate.added" extends="base.definition">
		<put-attribute name="content" value="/WEB-INF/pages/admin/EstateAdded.jsp" />
	</definition>	
		
	<definition name="profile.edit" extends="base.definition">
		<put-attribute name="content" value="/WEB-INF/pages/activation/editprofile.jsp" />
	</definition>
	
	<!-- Ebilling - 20100223 -->
    <definition name="ebilling.get" extends="base.definition">
		<put-attribute name="content" value="/WEB-INF/pages/ebilling.jsp" />
	</definition>
    <!-- End - Ebilling - 20100223 -->

	<definition name="user.list" extends="base.definition">
		<put-attribute name="content" value="/WEB-INF/pages/admin/SearchUser.jsp" />
	</definition>

	<definition name="user.add" extends="base.definition">
		<put-attribute name="content" value="/WEB-INF/pages/admin/AccCreate.jsp" />
	</definition>
	
	<definition name="password.change" extends="base.definition">
		<put-attribute name="content" value="/WEB-INF/pages/changepassword.jsp" />
	</definition>	
	
	<!-- Redirect to this page if password expired - 20091125 -->
	<definition name="password.forceChange" extends="base.definition">
		<put-attribute name="content" value="/WEB-INF/pages/forcechangepassword.jsp" />
	</definition>	
	<!-- End - Redirect to this page if password expired - 20091125 -->		
	
	<!--  for report -->
	<definition name="auditReport.main" extends="base.definition">
		<put-attribute name="content" value="/WEB-INF/pages/admin/report/auditReport.jsp" />
	</definition>	
	
	<!-- Add Notice Modules - 2/11/2009 -->	
	<definition name="notice.list" extends="base.definition">
		<put-attribute name="content" value="/WEB-INF/pages/admin/notice/SearchNotice.jsp" />
	</definition>	

	<definition name="notice.add" extends="base.definition">
		<put-attribute name="content" value="/WEB-INF/pages/admin/notice/NoticeDetail.jsp" />
	</definition>	
	
	<definition name="notice.save" extends="base.definition">
		<put-attribute name="content" value="/WEB-INF/pages/admin/notice/Redirect2NoticeDetail.jsp" />
	</definition>	
	
	<definition name="approval.list" extends="base.definition">
		<put-attribute name="content" value="/WEB-INF/pages/admin/notice/ApprovalNotice.jsp" />
	</definition>		
	
	<definition name="categoryList.main" extends="base.definition">
		<put-attribute name="content" value="/WEB-INF/pages/admin/notice/categoryList.jsp" />
	</definition>
	
	<definition name="categoryDetail.main" extends="base.definition">
		<put-attribute name="content" value="/WEB-INF/pages/admin/notice/categoryDetail.jsp" />
	</definition>
	<!-- End Add Notice Modules -->
	
	<!-- Add Forum Modules - 18/11/2009 -->	
	<definition name="forumPost.list" extends="base.definition">
		<put-attribute name="content" value="/WEB-INF/pages/admin/forum/SearchForumPost.jsp" />
	</definition>	
	
	<definition name="forumPost.redirect" extends="base.definition">
		<put-attribute name="content" value="/WEB-INF/pages/admin/forum/Redirect2ForumPostList.jsp" />
	</definition>	
	
	<definition name="subForumList.main" extends="base.definition">
		<put-attribute name="content" value="/WEB-INF/pages/admin/forum/subForumList.jsp" />
	</definition>
	
	<definition name="subForumDetail.main" extends="base.definition">
		<put-attribute name="content" value="/WEB-INF/pages/admin/forum/subForumDetail.jsp" />
	</definition>
	
	<definition name="saveSubForumDetail.main" extends="base.definition">
		<put-attribute name="content" value="/WEB-INF/pages/admin/forum/subForumDetail.jsp" />
	</definition>
	<!-- End Add Forum Modules --> 
</tiles-definitions>
