<?xml version="1.0" encoding="UTF-8"?>
<beans xmlns="http://www.springframework.org/schema/beans"
       xmlns:xsi="http://www.w3.org/2001/XMLSchema-instance"
       xmlns:p="http://www.springframework.org/schema/p"
       xmlns:context="http://www.springframework.org/schema/context"
       xmlns:util="http://www.springframework.org/schema/util"
       xsi:schemaLocation="http://www.springframework.org/schema/beans 
                           http://www.springframework.org/schema/beans/spring-beans.xsd
                           http://www.springframework.org/schema/context 
                           http://www.springframework.org/schema/context/spring-context.xsd">

    <context:component-scan base-package="com.mtrchome.accmgm.service.email" />

    <context:property-placeholder location="classpath:/commonconfig.properties" />
    
    <bean id="velocityEngine" class="org.springframework.ui.velocity.VelocityEngineFactoryBean" 
          p:resourceLoaderPath="classpath:/com/mtrchome/accmgm/service/email" 
          p:preferFileSystemAccess="false">
           <property name="velocityProperties">
            <props>
                <prop key="default.contentType">text/html; charset=utf-8</prop>
                <prop key="output.encoding">utf-8</prop>
                <prop key="input.encoding">utf-8</prop>
            </props>
        </property>
    </bean>

    <!-- Mail sender configured for using Gmail -->
    <bean id="mailSender" class="org.springframework.mail.javamail.JavaMailSenderImpl"
          p:host="smtp.gmail.com"
          p:port="465"
          p:protocol="smtps"
          p:username="${mail.userName}"
          p:password="${mail.password}">
        <property name="defaultEncoding" value="UTF-8"/>
        <property name="javaMailProperties">
            <props>
                <prop key="mail.smtps.auth">true</prop>
                <prop key="mail.smtps.starttls.enable">true</prop>
                <prop key="mail.smtps.debug">true</prop>
            </props>
        </property>
    </bean>
    
    <bean id="templateMessage" class="org.springframework.mail.SimpleMailMessage"
          p:from="${mail.userName}"
          p:subject="${mail.subject}" />
    
</beans>
