<?xml version="1.0" encoding="UTF-8"?>
<b:beans xmlns="http://www.springframework.org/schema/security"
	xmlns:b="http://www.springframework.org/schema/beans" xmlns:xsi="http://www.w3.org/2001/XMLSchema-instance"
	xsi:schemaLocation="http://www.springframework.org/schema/beans http://www.springframework.org/schema/beans/spring-beans-2.0.xsd
                        http://www.springframework.org/schema/security http://www.springframework.org/schema/security/spring-security-2.0.1.xsd">


	<b:bean id="loggerListener"
		class="org.springframework.security.event.authentication.LoggerListener" />


	<global-method-security secured-annotations="enabled">
		<!--
			AspectJ pointcut expression that locates all methods and applies
			security that way, can also use @secure in each service
		-->
		<!--
			<protect-pointcut expression="execution(*
			com.mtrchome.accmgm.*Service.*(..))"
			access="ROLE_USER,ROLE_SUPERVISOR,ROLE_ESTATE"/>
		-->
	</global-method-security>


	<http auto-config="false" entry-point-ref="bsAuthenticationEntryPoint"
		access-denied-page="/pages/error/accessDenied.jsp">
		<intercept-url pattern="/forward2login.jsp" filters="none" />
		<intercept-url pattern="/pages/error/uncaughtException.jsp" filters="none" />
		<intercept-url pattern="/login.jsp" filters="none" />
		<intercept-url pattern="/blank.html" filters="none" />
		<intercept-url pattern="/logout.action" filters="none" />
		<intercept-url pattern="/css/**" filters="none" />
		<intercept-url pattern="/images/**" filters="none" />
		<intercept-url pattern="/js/**" filters="none" />
		<intercept-url pattern="/admin/**" access="ROLE_ESTATE,ROLE_OPERATOR,ROLE_CONTRACTOR" />
		<intercept-url pattern="/**" access="ROLE_USER,ROLE_ESTATE,ROLE_OPERATOR,ROLE_CONTRACTOR" />
		
		<!--
			<form-login login-page="/login.jsp"
			authentication-failure-url="/login.jsp?login_error=1"
			default-target-url="/main.action" /> <logout
			logout-success-url="/login.jsp"/>
		-->
		<!--
			<concurrent-session-control max-sessions="1"
			exception-if-maximum-exceeded="true"/>
		-->
	</http>


	<b:bean id="bsCustomizedFormLoginFilter" class="com.mtrchome.security.BSCustomAuthenticationFilter">

		<custom-filter position="AUTHENTICATION_PROCESSING_FILTER" />
		<!-- After a successful login, the user will be taken to this page	-->
		<b:property name="defaultTargetUrl" value="/main.action" />
		<b:property name="authenticationFailureUrl" value="/login.jsp?login_error=1" />
		<b:property name="filterProcessesUrl" value="/j_spring_security_check" />

		<b:property name="rememberMeServices" ref="bsRememberMeServices" />
		<b:property name="authenticationManager" ref="authenticationManager" />
		<b:property name="allowSessionCreation" value="true" /> <!--Allow the application to create sessions-->

		<b:property name="sessionKey" value="mtrchome_sso" /> <!--Custom use, encryption key for session cookie-->
	</b:bean>

	<authentication-manager alias="authenticationManager" />

	<b:bean id="bsAuthenticationEntryPoint" class="com.mtrchome.security.BSCustomAuthenticationEntryPoint">
		<b:property name="loginFormUrl" value="/forward2login.jsp" />
		<b:property name="sessionKey" value="mtrchome_sso" /> <!--Custom use, encryption key for session cookie-->
		<b:property name="forceHttps" value="true" />
		<b:property name="portMapper" ref="portMapper" />
	</b:bean>

	<b:bean id="portMapper" class="org.springframework.security.util.PortMapperImpl">
		<b:property name="portMappings">
			<b:map>
				<b:entry key="80">
					<b:value>443</b:value>
				</b:entry>
				<b:entry key="8080">
					<b:value>8443</b:value>
				</b:entry>
			</b:map>
		</b:property>
	</b:bean>

	<b:bean id="logoutFilter" class="org.springframework.security.ui.logout.LogoutFilter">
		<custom-filter position="LOGOUT_FILTER" />
		<!-- 20100105 -->
		<!-- <b:constructor-arg value="/login.jsp" /> -->
		<b:constructor-arg value="/blank.html" />
		<b:constructor-arg>
			<b:list>
				<b:ref bean="bsRememberMeServices" />
				<b:bean
					class="org.springframework.security.ui.logout.SecurityContextLogoutHandler" />
			</b:list>
		</b:constructor-arg>
	</b:bean>

	<b:bean id="bsRememberMeProcessingFilter"
		class="org.springframework.security.ui.rememberme.RememberMeProcessingFilter">
		<!--	 <custom-filter position="REMEMBER_ME_FILTER" /> -->
		<custom-filter before="AUTHENTICATION_PROCESSING_FILTER" />
		<b:property name="authenticationManager" ref="bsCustomRememberMeAuthen" />
		<b:property name="rememberMeServices" ref="bsRememberMeServices" />
	</b:bean>

	<b:bean id="bsCustomRememberMeAuthen" class="com.mtrchome.security.BSCustomRememberMeAuthenMgr">
		<!-- <b:property name="userDAO" ref="userDAO" /> -->
	</b:bean>

	<b:bean id="bsRememberMeServices" class="com.mtrchome.security.BSCustomRememberMeService">
		<b:property name="key" value="springsecurity" />
		<b:property name="userDetailsService" ref="userDAO" />
		<!-- <b:property name="tokenValiditySeconds" value="600"/> -->
	</b:bean>

	<!--
		<b:bean id="rememberMeAuthenticationProvider"
		class="org.springframework.security.providers.rememberme.RememberMeAuthenticationProvide">
		<b:property name="key" value="springsecurity" /> </b:bean>
	-->

	<authentication-provider user-service-ref="userDAO">
		<password-encoder ref="passwordEncoder" />
		<!--
			<password-encoder hash="md5" /> <salt-source user-property="salt" />
		-->
	</authentication-provider>


	<b:bean id="jasyptPasswordEncryptor" class="org.jasypt.util.password.StrongPasswordEncryptor" />

	<!--
		This Spring Security-friendly PasswordEncoder implementation will
	-->
	<!--
		wrap the PasswordEncryptor instance so that it can be used from
	-->
	<!--
		the security framework.
	-->


	<b:bean id="passwordEncoder" class="org.jasypt.spring.security2.PasswordEncoder">
		<b:property name="passwordEncryptor">
			<b:ref bean="jasyptPasswordEncryptor" />
		</b:property>
	</b:bean>

</b:beans>  