<?xml version="1.0" encoding="UTF-8" ?>  
   
<!DOCTYPE tiles-definitions PUBLIC  
        "-//Apache Software Foundation//DTD Tiles Configuration 2.0//EN"  
         "http://struts.apache.org/dtds/tiles-config_2_0.dtd"> 

<tiles-definitions>
	<!-- Base Tiles Definition -->
    <definition name="base.definition" template="/WEB-INF/tiles/layout.jsp">
        <put-attribute name="header" value="/WEB-INF/tiles/top.html"/>
        <put-attribute name="status" value="/WEB-INF/tiles/loginStatus.jsp"/>
        <put-attribute name="menu" value="/WEB-INF/tiles/leftNavMnu.jsp"/>
        <put-attribute name="content" value="/WEB-INF/tiles/content.jsp"/>
        <put-attribute name="footer" value="/WEB-INF/tiles/bottom.jsp"/>
    </definition>

	<!-- Tiles Definition -->
	
	<definition name="facilityTypeList.main" extends="base.definition">
		<put-attribute name="content" value="/pages/admin/facilityType/facilityTypeList.jsp" />
	</definition>

	<definition name="facilityTypeDetail.main" extends="base.definition">
		<put-attribute name="content" value="/pages/admin/facilityType/facilityTypeDetail.jsp" />
	</definition>
	
	<definition name="saveFacilityTypeDetail.main" extends="base.definition">
		<put-attribute name="content" value="/pages/admin/facilityType/facilityTypeDetail.jsp" />
	</definition>
	
	<definition name="facilityList.main" extends="base.definition">
		<put-attribute name="content" value="/pages/admin/facilityType/facilityList.jsp" />
	</definition>
	
	<definition name="facilityDetail.main" extends="base.definition">
		<put-attribute name="content" value="/pages/admin/facilityType/facilityDetail.jsp" />
	</definition>
	
	<definition name="saveFacilityDetail.main" extends="base.definition">
		<put-attribute name="content" value="/pages/admin/facilityType/facilityDetail.jsp" />
	</definition>
	
	<definition name="facilityTimeSlot.main" extends="base.definition">
		<put-attribute name="content" value="/pages/admin/timeSlot/timeSlot.jsp" />
	</definition>
	
	<definition name="clubHouse.main" extends="base.definition">
		<put-attribute name="content" value="/pages/admin/clubHouse/clubHouse.jsp" />
	</definition>
	
	<definition name="saveClubHouse.main" extends="base.definition">
		<put-attribute name="content" value="/pages/admin/clubHouse/clubHouse.jsp" />
	</definition>
	
	<definition name="holidayList.main" extends="base.definition">
		<put-attribute name="content" value="/pages/admin/clubHouse/holidayList.jsp" />
	</definition>
	
	<definition name="holidayDetail.main" extends="base.definition">
		<put-attribute name="content" value="/pages/admin/clubHouse/holidayDetail.jsp" />
	</definition>
	
	<definition name="saveHolidayDetail.main" extends="base.definition">
		<put-attribute name="content" value="/pages/admin/clubHouse/holidayDetail.jsp" />
	</definition>
	
	<definition name="paymentMethodList.main" extends="base.definition">
		<put-attribute name="content" value="/pages/admin/clubHouse/paymentMethodList.jsp" />
	</definition>
	
	<definition name="paymentMethodDetail.main" extends="base.definition">
		<put-attribute name="content" value="/pages/admin/clubHouse/paymentMethodDetail.jsp" />
	</definition>
	
	<definition name="savePaymentMethodDetail.main" extends="base.definition">
		<put-attribute name="content" value="/pages/admin/clubHouse/paymentMethodDetail.jsp" />
	</definition>
	
	<definition name="mpHallList.main" extends="base.definition">
		<put-attribute name="content" value="/pages/admin/mpHall/mpHallList.jsp" />
	</definition>
	
	<definition name="mpHallDetail.main" extends="base.definition">
		<put-attribute name="content" value="/pages/admin/mpHall/mpHallDetail.jsp" />
	</definition>
	
	<definition name="saveMPHallDetail.main" extends="base.definition">
		<put-attribute name="content" value="/pages/admin/mpHall/mpHallDetail.jsp" />
	</definition>
	
	<definition name="mpHallMapping.main" extends="base.definition">
		<put-attribute name="content" value="/pages/admin/mpHall/mpHallMapping.jsp" />
	</definition>
	
	<definition name="addMPHallFacility.main" extends="base.definition">
		<put-attribute name="content" value="/pages/admin/mpHall/mpHallMapping.jsp" />
	</definition>
	
	<definition name="deleteMPHallFacility.main" extends="base.definition">
		<put-attribute name="content" value="/pages/admin/mpHall/mpHallMapping.jsp" />
	</definition>
	
	<definition name="saveMPHallMapping.main" extends="base.definition">
		<put-attribute name="content" value="/pages/admin/mpHall/mpHallMapping.jsp" />
	</definition>
	
	<!-- Start edit by Lewis -->
	<definition name="report.main" extends="base.definition">
		<put-attribute name="content" value="/pages/admin/report/report.jsp" />
	</definition>
	<definition name="userBookingReport.main" extends="base.definition">
		<put-attribute name="content" value="/pages/admin/report/userBookingReport.jsp" />
	</definition>
	<definition name="facilityBookingReport.main" extends="base.definition">
		<put-attribute name="content" value="/pages/admin/report/facilityBookingReport.jsp" />
	</definition>
	<definition name="auditReport.main" extends="base.definition">
		<put-attribute name="content" value="/pages/admin/report/auditReport.jsp" />
	</definition>
	<!-- End edit by Lewis -->
</tiles-definitions>
