<?xml version="1.0" encoding="UTF-8"?>
<classpath>
	<classpathentry kind="src" path="src"/>
	<classpathentry kind="con" path="org.eclipse.jst.server.core.container/org.jboss.ide.eclipse.as.core.server.runtime.runtimeTarget/JBoss EAP 4.3 Runtime">
		<attributes>
			<attribute name="owner.project.facets" value="jst.web"/>
		</attributes>
	</classpathentry>
	<classpathentry kind="con" path="org.eclipse.jst.j2ee.internal.web.container"/>
	<classpathentry kind="con" path="org.eclipse.jst.j2ee.internal.module.container"/>
	<classpathentry kind="con" path="org.eclipse.jdt.launching.JRE_CONTAINER/org.eclipse.jdt.internal.debug.ui.launcher.StandardVMType/jdk1.6.0_16">
		<attributes>
			<attribute name="owner.project.facets" value="jst.java"/>
		</attributes>
	</classpathentry>
	<classpathentry kind="output" path="WebContent/WEB-INF/classes"/>
</classpath>
