<?xml version="1.0" encoding="UTF-8"?>
	<!--
		To add a GWT service, you may need to add a context:component-scan
		element, and add a mapping to SimpleUrlHandlerMapping. Reference:
		http://www.springbyexample.org/examples/simple-gwt-spring-webapp-gwt.html
	-->
<beans xmlns="http://www.springframework.org/schema/beans"
	xmlns:xsi="http://www.w3.org/2001/XMLSchema-instance" xmlns:context="http://www.springframework.org/schema/context"
	xsi:schemaLocation="http://www.springframework.org/schema/beans
						http://www.springframework.org/schema/beans/spring-beans.xsd
						http://www.springframework.org/schema/context
						http://www.springframework.org/schema/context/spring-context.xsd">
	<context:component-scan base-package="com.mtrchome.pos.gwt.server" />

	<bean
		class="org.springframework.web.servlet.mvc.annotation.DefaultAnnotationHandlerMapping">
		<!-- <property name="interceptors" ref="localeChangeInterceptor"/> -->
	</bean>

	<!-- Enables annotated POJO @Controllers -->
	<bean
		class="org.springframework.web.servlet.mvc.annotation.AnnotationMethodHandlerAdapter" />

	<!-- Enables plain Controllers -->
	<bean
		class="org.springframework.web.servlet.mvc.SimpleControllerHandlerAdapter" />

	<bean class="org.springframework.web.servlet.handler.SimpleUrlHandlerMapping">
		<property name="order" value="0" />
		<property name="mappings">
			<value>
				<!--
					Support both com.mtrchome.pos.gwt.Pos and
					com.mtrchome.pos.gwt.PosInterface
				-->
				/*/memberService.do=memberServiceImpl
				/*/dutyService.do=dutyServiceImpl
				/*/transactionService.do=transactionServiceImpl
				/*/posSessionService.do=posSessionServiceImpl
				/*/itemService.do=itemServiceImpl
				/*/perHeadBookingService.do=perHeadBookingServiceImpl
				/*/octopusPortalFtpAccountService.do=octopusPortalFtpAccountServiceImpl
				/*/pm21DbConnectionInfoService.do=pm21DbConnectionInfoServiceImpl
				/*/ipcmsService.do=ipcmsServiceImpl
			</value>
		</property>
	</bean>
</beans>
