<?xml version="1.0" encoding="UTF-8" ?>  
   
<!DOCTYPE tiles-definitions PUBLIC  
        "-//Apache Software Foundation//DTD Tiles Configuration 2.0//EN"  
         "http://struts.apache.org/dtds/tiles-config_2_0.dtd"> 

<tiles-definitions>
	<!-- Base Tiles Definition -->
    <definition name="base.definition" template="/WEB-INF/tiles/layout.jsp">
        <put-attribute name="header" value="/WEB-INF/tiles/top.html"/>
        <put-attribute name="status" value="/WEB-INF/tiles/loginStatus.jsp"/>
        <put-attribute name="menu" value="/WEB-INF/tiles/leftNavMnu.jsp"/>
        <put-attribute name="content" value="/WEB-INF/tiles/content.jsp"/>
        <put-attribute name="footer" value="/WEB-INF/tiles/bottom.jsp"/>
    </definition>

	<!-- Tiles Definition -->
	
	<definition name="facilityTypeList.main" extends="base.definition">
		<put-attribute name="content" value="/pages/admin/facilityType/facilityTypeList.jsp" />
	</definition>

	<definition name="facilityTypeDetail.main" extends="base.definition">
		<put-attribute name="content" value="/pages/admin/facilityType/facilityTypeDetail.jsp" />
	</definition>
	
	<definition name="saveFacilityTypeDetail.main" extends="base.definition">
		<put-attribute name="content" value="/pages/admin/facilityType/facilityTypeDetail.jsp" />
	</definition>
	
	<definition name="facilityList.main" extends="base.definition">
		<put-attribute name="content" value="/pages/admin/facilityType/facilityList.jsp" />
	</definition>
	
	<definition name="facilityDetail.main" extends="base.definition">
		<put-attribute name="content" value="/pages/admin/facilityType/facilityDetail.jsp" />
	</definition>
	
	<definition name="saveFacilityDetail.main" extends="base.definition">
		<put-attribute name="content" value="/pages/admin/facilityType/facilityDetail.jsp" />
	</definition>
	
	<definition name="facilityTimeSlot.main" extends="base.definition">
		<put-attribute name="content" value="/pages/admin/timeSlot/timeSlot.jsp" />
	</definition>
	
	<definition name="perHeadFacilityTimeSlot.main" extends="base.definition">
		<put-attribute name="content" value="/pages/admin/timeSlot/perHeadTimeSlot.jsp" />
	</definition>
	
	<definition name="clubHouse.main" extends="base.definition">
		<put-attribute name="content" value="/pages/admin/clubHouse/clubHouse.jsp" />
	</definition>
	
	<definition name="saveClubHouse.main" extends="base.definition">
		<put-attribute name="content" value="/pages/admin/clubHouse/clubHouse.jsp" />
	</definition>
	
	<definition name="holidayList.main" extends="base.definition">
		<put-attribute name="content" value="/pages/admin/clubHouse/holidayList.jsp" />
	</definition>
	
	<definition name="holidayDetail.main" extends="base.definition">
		<put-attribute name="content" value="/pages/admin/clubHouse/holidayDetail.jsp" />
	</definition>
	
	<definition name="saveHolidayDetail.main" extends="base.definition">
		<put-attribute name="content" value="/pages/admin/clubHouse/holidayDetail.jsp" />
	</definition>
	
	<definition name="paymentMethodList.main" extends="base.definition">
		<put-attribute name="content" value="/pages/admin/clubHouse/paymentMethodList.jsp" />
	</definition>
	
	<definition name="paymentMethodDetail.main" extends="base.definition">
		<put-attribute name="content" value="/pages/admin/clubHouse/paymentMethodDetail.jsp" />
	</definition>
	
	<definition name="savePaymentMethodDetail.main" extends="base.definition">
		<put-attribute name="content" value="/pages/admin/clubHouse/paymentMethodDetail.jsp" />
	</definition>
        
    <!-- POS Payment Method Setup - 20100803 -->
	<definition name="posPaymentMethod.main" extends="base.definition">
		<put-attribute name="content" value="/pages/admin/clubHouse/posPaymentMethod.jsp" />
	</definition>
	
	<definition name="savePosPaymentMethod.main" extends="base.definition">
		<put-attribute name="content" value="/pages/admin/clubHouse/posPaymentMethod.jsp" />
	</definition>
    <!-- End - POS Payment Method Setup - 20100803 -->
	
	<definition name="mpHallList.main" extends="base.definition">
		<put-attribute name="content" value="/pages/admin/mpHall/mpHallList.jsp" />
	</definition>
	
	<definition name="mpHallDetail.main" extends="base.definition">
		<put-attribute name="content" value="/pages/admin/mpHall/mpHallDetail.jsp" />
	</definition>
	
	<definition name="saveMPHallDetail.main" extends="base.definition">
		<put-attribute name="content" value="/pages/admin/mpHall/mpHallDetail.jsp" />
	</definition>
	
	<definition name="mpHallMapping.main" extends="base.definition">
		<put-attribute name="content" value="/pages/admin/mpHall/mpHallMapping.jsp" />
	</definition>
	
	<definition name="addMPHallFacility.main" extends="base.definition">
		<put-attribute name="content" value="/pages/admin/mpHall/mpHallMapping.jsp" />
	</definition>
	
	<definition name="deleteMPHallFacility.main" extends="base.definition">
		<put-attribute name="content" value="/pages/admin/mpHall/mpHallMapping.jsp" />
	</definition>
	
	<definition name="saveMPHallMapping.main" extends="base.definition">
		<put-attribute name="content" value="/pages/admin/mpHall/mpHallMapping.jsp" />
	</definition>
	
	<!-- Start edit by Lewis -->
	<definition name="report.main" extends="base.definition">
		<put-attribute name="content" value="/pages/admin/report/report.jsp" />
	</definition>
	<definition name="userBookingReport.main" extends="base.definition">
		<put-attribute name="content" value="/pages/admin/report/userBookingReport.jsp" />
	</definition>
	<definition name="facilityBookingReport.main" extends="base.definition">
		<put-attribute name="content" value="/pages/admin/report/facilityBookingReport.jsp" />
	</definition>
	<definition name="auditReport.main" extends="base.definition">
		<put-attribute name="content" value="/pages/admin/report/auditReport.jsp" />
	</definition>
	<!-- End edit by Lewis -->
	
	<!-- Item Sale Report - 20100825 -->
	<definition name="itemSaleReport.main" extends="base.definition">
		<put-attribute name="content" value="/pages/admin/report/itemSaleReport.jsp" />
	</definition>
	<!-- End - Item Sale Report - 20100825 -->
	
	<!-- Barcode Usage Report - 20110811 -->
	<definition name="barcodeUsageReport.main" extends="base.definition">
		<put-attribute name="content" value="/pages/admin/report/barcodeUsageReport.jsp" />
	</definition>
	<!-- End - Barcode Usage Report - 20110811 -->
	
	<!-- Pos Facility Report - 20100902 -->
	<definition name="posFacilityBookingReport.main" extends="base.definition">
		<put-attribute name="content" value="/pages/admin/report/posFacilityBookingReport.jsp" />
	</definition>
	<!-- End - Pos Facility Report - 20100902 -->
	
	<!-- Charge Type Setup - 20100726 -->
	<definition name="chargeTypeList.main" extends="base.definition">
		<put-attribute name="content" value="/pages/admin/chargeType/chargeTypeList.jsp" />
	</definition>

	<definition name="chargeTypeDetail.main" extends="base.definition">
		<put-attribute name="content" value="/pages/admin/chargeType/chargeTypeDetail.jsp" />
	</definition>
	
	<definition name="saveChargeTypeDetail.main" extends="base.definition">
		<put-attribute name="content" value="/pages/admin/chargeType/chargeTypeDetail.jsp" />
	</definition>
	<!-- End Charge Type Setup - 20100726 -->
	
	<!-- Item Type Setup - 20100730 -->
	<definition name="itemTypeList.main" extends="base.definition">
		<put-attribute name="content" value="/pages/admin/item/itemTypeList.jsp" />
	</definition>

	<definition name="itemTypeDetail.main" extends="base.definition">
		<put-attribute name="content" value="/pages/admin/item/itemTypeDetail.jsp" />
	</definition>
	
	<definition name="saveItemTypeDetail.main" extends="base.definition">
		<put-attribute name="content" value="/pages/admin/item/itemTypeDetail.jsp" />
	</definition>
	<!-- End Item Type Setup - 20100730 -->
	
	<!-- Item Setup - 20100730 -->
	<definition name="itemList.main" extends="base.definition">
		<put-attribute name="content" value="/pages/admin/item/itemList.jsp" />
	</definition>

	<definition name="itemDetail.main" extends="base.definition">
		<put-attribute name="content" value="/pages/admin/item/itemDetail.jsp" />
	</definition>
	
	<definition name="saveItemDetail.main" extends="base.definition">
		<put-attribute name="content" value="/pages/admin/item/itemDetail.jsp" />
	</definition>
	<!-- End Item Setup - 20100730 -->
		
	<!-- Receipt - 20100805 -->
	<definition name="receiptConfig.main" extends="base.definition">
		<put-attribute name="content" value="/pages/admin/receipt/receiptConfig.jsp" />
	</definition>
	
	<definition name="receiptReprint.main" extends="base.definition">
		<put-attribute name="content" value="/pages/admin/receipt/receiptReprint.jsp" />
	</definition>
	<!-- End - Receipt - 20100805 -->
		
	<!-- Octopus Enquiry - 20100806 -->
	<definition name="octopusEnquiry.main" extends="base.definition">
		<put-attribute name="content" value="/pages/admin/octopus/octopusEnquiry.jsp" />
	</definition>
	<!-- End - Octopus Enquiry - 20100806 -->
	
	<!-- Interface Health Check -->
	<definition name="interfaceHealthCheck.main" extends="base.definition">
		<put-attribute name="content" value="/pages/admin/healthCheck/interfaceHealthCheck.jsp" />
	</definition>
	
	<!-- Mapping of Charge Type and Facility Type -->
	<definition name="chargeTypeFacilityTypeMap.main" extends="base.definition">
		<put-attribute name="content" value="/pages/admin/chargeTypeFacilityTypeMap/chargeTypeFacilityTypeMap.jsp" />
	</definition>
	<!-- End - Mapping of Charge Type and Facility Type -->
</tiles-definitions>
