<?xml version="1.0" encoding="UTF-8"?>

<!DOCTYPE struts PUBLIC
    "-//Apache Software Foundation//DTD Struts Configuration 2.0//EN"
    "http://struts.apache.org/dtds/struts-2.0.dtd">

<struts>
<!--  GWT  -->
   <package name="GWT"  namespace="/"  extends="gwt-default">
	<action name="gwtBooking" class="com.mtrchome.booking.service.GWTBookingService">
		 <interceptor-ref name="gwt"/>
	</action>
  </package>
<!--  End GWT  -->

	<package name="facilityBooking"  namespace="/"  extends="struts-default">
		<interceptors>
	       <interceptor name="localeprovider"
	           class="com.mtrchome.booking.action.Interceptor.LocaleInterceptor">
	       </interceptor>
	       <interceptor-stack name="defaultAndLocaleProvider">
	           <interceptor-ref name="defaultStack" />
	           <interceptor-ref name="localeprovider" />
	       </interceptor-stack>
	   	</interceptors>
	   	
	    <action name="index" class="com.mtrchome.booking.action.IndexAction">
	      <result>/booking.jsp</result>
	      <interceptor-ref name="defaultAndLocaleProvider" />
	    </action>
	    
	    <action name="logout" class="com.mtrchome.booking.action.LoginAction" method="logout" >
	    </action>
	    
	    <!-- For logout booking - 20091231 -->
	    <action name="blank" class="com.mtrchome.booking.action.LoginAction" method="blank">
	      <result>/blank.html</result>
	      <interceptor-ref name="defaultAndLocaleProvider" />
	    </action>
	    
        <action name="logoutBooking" class="com.mtrchome.booking.action.LoginAction" method="logoutBooking">
        </action>   
        <!-- End - For logout booking - 20091231 -->
	    
	    <!-- Stress Test -->
	    <!--<action name="toGWT" class="com.mtrchome.booking.service.GWTBookingService" >
	     <result>/strategyTesting.jsp</result>
	    </action>-->
	     <!-- End Stress Test -->
	 </package>
	    
	<package name="adminFacilityBooking"  namespace="/admin"  extends="struts-default">
	    <action name="successMsgDIV">
	      <result>/pages/admin/successMsgDIV.jsp</result>
	    </action>
	    
	    <action name="errorMsgDIV">
	      <result>/pages/admin/errorMsgDIV.jsp</result>
	    </action>
	    
	    <action name="timeSlot" method="initialTimeSlot" class="com.mtrchome.booking.action.TimeSlotAction">
            <result>/pages/admin/timeSlot/timeSlotGrid.jsp</result>
        </action>
  	</package>
  	
  	<package name="adminFacilityBookingTiles"  namespace="/admin"  extends="tiles-default">
  		<result-types>  
			<result-type name="tiles" class="org.apache.struts2.views.tiles.TilesResult" default="true" />  
		</result-types>
		
		<interceptors>
	       <interceptor name="localeprovider"
	           class="com.mtrchome.booking.action.Interceptor.LocaleInterceptor">
	       </interceptor>
	       <interceptor-stack name="defaultAndLocaleProvider">
	           <interceptor-ref name="defaultStack" />
	           <interceptor-ref name="localeprovider" />
	       </interceptor-stack>
	   </interceptors>
		
        <default-action-ref name="clubHouse"/>
        
  		<action name="facilityTypeList" method="getAllFacilityTypeList" class="com.mtrchome.booking.action.FacilityTypeAction">
            <result type="tiles">facilityTypeList.main</result>
            <interceptor-ref name="defaultAndLocaleProvider" />
        </action>
        
  		<action name="facilityTypeDetail" method="getFacilityTypeDetail" class="com.mtrchome.booking.action.FacilityTypeAction">
            <result type="tiles">facilityTypeDetail.main</result>
            <interceptor-ref name="defaultAndLocaleProvider" />
        </action>
        
        <action name="saveFacilityTypeDetail" method="saveFacilityTypeDetail" class="com.mtrchome.booking.action.FacilityTypeAction">
            <result type="tiles">saveFacilityTypeDetail.main</result>
            <interceptor-ref name="defaultAndLocaleProvider" />
        </action>
        
        <action name="facilityList" method="getFacilityList" class="com.mtrchome.booking.action.FacilityAction">
            <result type="tiles">facilityList.main</result>
            <interceptor-ref name="defaultAndLocaleProvider" />
        </action>
        
        <action name="facilityDetail" method="getFacilityDetail" class="com.mtrchome.booking.action.FacilityAction">
            <result type="tiles">facilityDetail.main</result>
            <interceptor-ref name="defaultAndLocaleProvider" />
        </action>
        
        <action name="saveFacilityDetail" method="saveFacilityDetail" class="com.mtrchome.booking.action.FacilityAction">
            <result type="tiles">saveFacilityDetail.main</result>
            <interceptor-ref name="defaultAndLocaleProvider" />
        </action>
        
        <action name="facilityTimeSlot" method="initialTimeSlot" class="com.mtrchome.booking.action.TimeSlotAction">
            <result type="tiles">facilityTimeSlot.main</result>
            <interceptor-ref name="defaultAndLocaleProvider" />
        </action>
        
        <action name="clubHouse" method="getClubHouseDetail" class="com.mtrchome.booking.action.ClubHouseAction">
            <result type="tiles">clubHouse.main</result>
            <interceptor-ref name="defaultAndLocaleProvider" />
        </action>
        
        <action name="saveClubHouse" method="saveClubHouseDetail" class="com.mtrchome.booking.action.ClubHouseAction">
            <result type="tiles">saveClubHouse.main</result>
            <interceptor-ref name="defaultAndLocaleProvider" />
        </action>
        
        <action name="holidayList" method="getHolidayList" class="com.mtrchome.booking.action.ClubHouseAction">
            <result type="tiles">holidayList.main</result>
            <interceptor-ref name="defaultAndLocaleProvider" />
        </action>
        
        <action name="holidayDetail" method="getHolidayDetail" class="com.mtrchome.booking.action.ClubHouseAction">
            <result type="tiles">holidayDetail.main</result>
            <interceptor-ref name="defaultAndLocaleProvider" />
        </action>
        
        <action name="saveHolidayDetail" method="saveHolidayDetail" class="com.mtrchome.booking.action.ClubHouseAction">
            <result type="tiles">saveHolidayDetail.main</result>
            <interceptor-ref name="defaultAndLocaleProvider" />
        </action>
        
        <action name="paymentMethodList" method="getPaymentMethodList" class="com.mtrchome.booking.action.ClubHouseAction">
            <result type="tiles">paymentMethodList.main</result>
            <interceptor-ref name="defaultAndLocaleProvider" />
        </action>
        
        <action name="paymentMethodDetail" method="getPaymentMethodDetail" class="com.mtrchome.booking.action.ClubHouseAction">
            <result type="tiles">paymentMethodDetail.main</result>
            <interceptor-ref name="defaultAndLocaleProvider" />
        </action>
        
        <action name="savePaymentMethodDetail" method="savePaymentMethodDetail" class="com.mtrchome.booking.action.ClubHouseAction">
            <result type="tiles">savePaymentMethodDetail.main</result>
            <interceptor-ref name="defaultAndLocaleProvider" />
        </action>
        
        <action name="mpHallList" method="getMPHallList" class="com.mtrchome.booking.action.MPHallAction">
            <result type="tiles">mpHallList.main</result>
            <interceptor-ref name="defaultAndLocaleProvider" />
        </action>
        
        <action name="mpHallDetail" method="getMPHallDetail" class="com.mtrchome.booking.action.MPHallAction">
            <result type="tiles">mpHallDetail.main</result>
            <interceptor-ref name="defaultAndLocaleProvider" />
        </action>
        
        <action name="saveMPHallDetail" method="saveMPHallDetail" class="com.mtrchome.booking.action.MPHallAction">
            <result type="tiles">saveMPHallDetail.main</result>
            <interceptor-ref name="defaultAndLocaleProvider" />
        </action>
        
        <action name="mpHallMapping" method="getMPHallMapping" class="com.mtrchome.booking.action.MPHallAction">
            <result type="tiles">mpHallMapping.main</result>
            <interceptor-ref name="defaultAndLocaleProvider" />
        </action>
        
        <action name="addMPHallFacility" method="addMPHallFacility" class="com.mtrchome.booking.action.MPHallAction">
            <result type="tiles">addMPHallFacility.main</result>
            <interceptor-ref name="defaultAndLocaleProvider" />
        </action>
        
        <action name="deleteMPHallFacility" method="deleteMPHallFacility" class="com.mtrchome.booking.action.MPHallAction">
            <result type="tiles">deleteMPHallFacility.main</result>
            <interceptor-ref name="defaultAndLocaleProvider" />
        </action>
        <action name="saveMPHallMapping" method="saveMPHallMapping" class="com.mtrchome.booking.action.MPHallAction">
            <result type="tiles">saveMPHallMapping.main</result>
            <interceptor-ref name="defaultAndLocaleProvider" />
        </action>


		<!-- Start edit by Lewis -->
		<action name="report" method="execute" class="com.mtrchome.booking.action.ReportAction">
			<result type="tiles">report.main</result>
			<interceptor-ref name="defaultAndLocaleProvider" />			
		</action>
		<action name="userBookingReportPage" method="getUserBookingReportPage"
			class="com.mtrchome.booking.action.UserBookingReportServlet">
			<result type="tiles">userBookingReport.main</result>
			<interceptor-ref name="defaultAndLocaleProvider" />
		</action>
		<action name="userBookingReport" method="getUserBookingReport"
			class="com.mtrchome.booking.action.UserBookingReportServlet">
			<result name="success" type="redirect">${redirectUrl}</result>
			<result name="xls" type="stream">
				<param name="contentType">application/vnd.ms-excel</param>
				<param name="contentDisposition">${contentDisposition}</param>
				<param name="bufferSize">1024</param>
			</result>
			<result name="csv" type="stream">
				<param name="contentType">application/vnd.ms-excel; charset=UTF-16LE</param>
				<param name="contentDisposition">${contentDisposition}</param>
				<param name="bufferSize">1024</param>
			</result>
		</action>
		<action name="facilityBookingReportPage" method="getFacilityBookingReportPage"
			class="com.mtrchome.booking.action.FacilityBookingReportServlet">
			<result type="tiles">facilityBookingReport.main</result>
			<interceptor-ref name="defaultAndLocaleProvider" />
		</action>
		<action name="facilityBookingReport" method="getFacilityBookingReport"
			class="com.mtrchome.booking.action.FacilityBookingReportServlet">
			<result name="success" type="redirect">${redirectUrl}</result>
			<result name="xls" type="stream">
				<param name="contentType">application/vnd.ms-excel</param>
				<param name="contentDisposition">${contentDisposition}</param>
				<param name="bufferSize">1024</param>
			</result>
			<result name="csv" type="stream">
				<param name="contentType">application/vnd.ms-excel; charset=UTF-16LE</param>
				<param name="contentDisposition">${contentDisposition}</param>
				<param name="bufferSize">1024</param>
			</result>
		</action>
		<action name="auditReportPage" method="getAuditReportPage"
			class="com.mtrchome.booking.action.AuditReportServlet">
			<result type="tiles">auditReport.main</result>
			<interceptor-ref name="defaultAndLocaleProvider" />
		</action>
		<action name="auditReport" method="getAuditReport"
			class="com.mtrchome.booking.action.AuditReportServlet">
			<result name="success" type="redirect">${redirectUrl}</result>
			<result name="xls" type="stream">
				<param name="contentType">application/vnd.ms-excel</param>
				<param name="contentDisposition">${contentDisposition}</param>
				<param name="bufferSize">1024</param>
			</result>
			<result name="csv" type="stream">
				<param name="contentType">application/vnd.ms-excel; charset=UTF-16LE</param>
				<param name="contentDisposition">${contentDisposition}</param>
				<param name="bufferSize">1024</param>
			</result>
		</action>
		<!-- End edit by Lewis -->
	</package>

	<package name="image" namespace="/" extends="struts-default">
		<action name="px" method="execute"
			class="com.mtrchome.booking.action.ImageServlet">
			<result name="success" type="stream">
				<param name="contentType">image/jpeg</param>
				<param name="bufferSize">512</param>
			</result>
		</action>
	</package>
  	
  	<package name="ajax" extends="json-default"  namespace="/admin" >
        <action name="saveFacilityTimeSlot"  method="saveFacilityTimeSlot" class="com.mtrchome.booking.action.TimeSlotAction">
            <result type="json"></result>
        </action>
    </package>
</struts>


