<?xml version="1.0" encoding="ISO-8859-1"?>
<workbook>
	<worksheet name="Sheet1">
	 <section startRow="0" endRow="1">
                                <mapping row="0" col="1">batchUserCreationBean.errorFileDestination</mapping>
                            </section>
	<!--
		<loop startRow="2" endRow="2" items="batchUserCreationBean.userSource"
			var="importUser" varType="com.mtrchome.accmgm.util.vo.ImportUser">
			<section startRow="2" endRow="2">
				<mapping row="2" col="0">importUser.estateCode</mapping>
				<mapping row="2" col="1">importUser.propertyAccCode</mapping>
				<mapping row="2" col="2">importUser.loginName</mapping>
				<mapping row="2" col="3">importUser.block</mapping>
				<mapping row="2" col="4">importUser.floor</mapping>	
				<mapping row="2" col="5">importUser.unit</mapping>	
				<mapping row="2" col="6">importUser.userType</mapping>	
			</section>
			<loopbreakcondition>
                <rowcheck offset="0">
                    <cellcheck offset="0">End of Records</cellcheck>
                </rowcheck>
            </loopbreakcondition>
		</loop>
	-->
	</worksheet>

</workbook>