<?xml version="1.0" encoding="UTF-8"?>
<beans xmlns="http://www.springframework.org/schema/beans"
       xmlns:xsi="http://www.w3.org/2001/XMLSchema-instance"
       xmlns:aop="http://www.springframework.org/schema/aop"
       xmlns:tx="http://www.springframework.org/schema/tx"
       xmlns:context="http://www.springframework.org/schema/context"
       xmlns:jee="http://www.springframework.org/schema/jee"
       xsi:schemaLocation="
       http://www.springframework.org/schema/beans http://www.springframework.org/schema/beans/spring-beans-2.5.xsd
       http://www.springframework.org/schema/tx http://www.springframework.org/schema/tx/spring-tx-2.5.xsd
       http://www.springframework.org/schema/aop http://www.springframework.org/schema/aop/spring-aop-2.5.xsd
       http://www.springframework.org/schema/jee http://www.springframework.org/schema/jee/spring-jee-2.5.xsd
       http://www.springframework.org/schema/context http://www.springframework.org/schema/context/spring-context.xsd">

    <!-- In a fully J5EE compatible environment, the following xml tag should work in accessing the EMF -->          
<!-- 
    <jee:jndi-lookup id="entityManagerFactory" jndi-name="java:/AccMgmPU"/>
 -->
 
    <!-- Hack for JBoss 4.something until full compliance is reached -->
    
    <bean id="emf" class="org.springframework.orm.jpa.LocalEntityManagerFactoryBean">
      <property name="persistenceUnitName" value="AccMgmPU"/>
    </bean>
 
 <!-- 
 <bean id="entityManagerFactory"
        class="org.springframework.orm.jpa.LocalContainerEntityManagerFactoryBean">
        <property name="dataSource" ref="dataSource" />
        <property name="jpaVendorAdapter">
            <bean
                class="org.springframework.orm.jpa.vendor.HibernateJpaVendorAdapter">
                <property name="database" value="SQL_SERVER" />
                <property name="showSql" value="true" />
            </bean>
        </property>
    </bean>

    <bean id="dataSource"
        class="org.springframework.jdbc.datasource.DriverManagerDataSource">
        <property name="driverClassName" value="com.microsoft.sqlserver.jdbc.SQLServerDriver" />
        <property name="url" value="jdbc:sqlserver://localhost:1433;DatabaseName=mtrchBooking" />
        <property name="username" value="mtrchome" />
        <property name="password" value="mtrchome" />
    </bean>
  -->
 		 
    <bean
        class="org.springframework.orm.jpa.support.PersistenceAnnotationBeanPostProcessor" />

	<context:property-placeholder location="classpath:/commonconfig.properties" />

   <!--
 <bean id="txManager" class="org.springframework.orm.jpa.JpaTransactionManager" >
        <property name="entityManagerFactory" ref="emf" />
    </bean>
   -->  
    <bean id="txManager" class="org.springframework.transaction.jta.JtaTransactionManager">
    <property name="userTransactionName">
	<value>UserTransaction</value>
	</property>
	<property name="transactionManagerName" value="java:/TransactionManager" />
    </bean>
   
    <tx:annotation-driven transaction-manager="txManager" />
    
    <tx:advice id="txAdvice" transaction-manager="txManager">
        <tx:attributes>
            <!-- all methods starting with 'get' are read-only transactions -->
            <tx:method name="get*" read-only="true"/>
            <!-- other methods use the default transaction settings (see below) -->
            <tx:method name="*" read-only="false" />
        </tx:attributes>
    </tx:advice>
    
    <!-- scheduler -->
    
    	<bean id="scheduleJob" name="scheduleJob"
		class="org.springframework.scheduling.quartz.JobDetailBean">
		<property name="jobClass" value="com.mtrchome.accmgm.util.ScheduleJob" />
		<property name="jobDataAsMap">
			<map>
				<entry key="timeout" value="1" />
			</map>
		</property>
	</bean>

	<bean id="reportScheduleJob" name="reportScheduleJob"
		class="org.springframework.scheduling.quartz.JobDetailBean">
		<property name="jobClass" value="com.mtrchome.accmgm.util.ReportRemoval" />
		<property name="jobDataAsMap">
			<map>
				<entry key="timeout" value="5" />
			</map>
		</property>
	</bean>
	
	<!-- 20130218 - iPCMS Integration - Change Over -->
	<bean id="ipcmsScheduleJob" name="ipcmsScheduleJob" 
		class="org.springframework.scheduling.quartz.JobDetailBean">
		<property name="jobClass" value="com.mtrchome.accmgm.util.IpcmsScheduleJob" />
		<property name="jobDataAsMap">
			<map>
				<entry key="timeout" value="5" />
			</map>
		</property>
	</bean>

	<bean id="cronTrigger"
		class="org.springframework.scheduling.quartz.CronTriggerBean">
		<property name="jobDetail" ref="scheduleJob" />
		<!-- run every morning at 5 AM -->
		<property name="cronExpression" value="0 0 5 * * ?" />
		<!-- run every minute, for testing -->
		<!--<property name="cronExpression" value="0 0/5 * * * ?" />-->
	</bean>

	<bean id="cronTrigger1" class="org.springframework.scheduling.quartz.CronTriggerBean">
		<property name="jobDetail" ref="reportScheduleJob" />
		<!-- run every morning at 2 AM Monday to Friday-->
		<property name="cronExpression" value="0 0 2 ? * MON-FRI" />
	</bean>
	
	<!-- 20130218 - iPCMS Integration - Change Over -->
	<bean id="cronTrigger2" class="org.springframework.scheduling.quartz.CronTriggerBean">
		<property name="jobDetail" ref="ipcmsScheduleJob" />
		<!-- run every morning at 4 AM -->
		<property name="cronExpression" value="0 0 4 * * ?" />
		<!-- run every 5 minute, for testing -->
		<!--<property name="cronExpression" value="0 0/5 * * * ?" />-->
	</bean>

	<bean id="schedulerFactory"
		class="org.springframework.scheduling.quartz.SchedulerFactoryBean">
		<property name="triggers">
			<list>
				<ref bean="cronTrigger" />
				<ref bean="cronTrigger1" />
				<ref bean="cronTrigger2" />
			</list>
		</property>
		<!-- run the method by inject a spring bean -->
		<property name="applicationContextSchedulerContextKey">
			<value>applicationContext</value>
		</property>
		<property name="schedulerContextAsMap">
			<map>
				<entry key="userService">
					<ref bean="userService" />
				</entry>
				<entry key="noticeService">
					<ref bean="noticeService" />
				</entry>
				<entry key="ipcmsImportUserService">
					<ref bean="ipcmsImportUserService" />
				</entry>
			</map>
		</property>

	</bean>
    
    <bean id="auditDAO" class="com.mtrchome.accmgm.dao.MtrchomeAuditDAOImpl" />
    
    <!-- user bean -->
    <bean id="userDAO" class="com.mtrchome.accmgm.dao.MtrchomeUserDAOImpl" />
    <bean id="userService" scope="prototype" class="com.mtrchome.accmgm.service.UserServiceImpl">
        <property name="userDAO" ref="userDAO" />
        <property name="estateDAO" ref="estateDAO" />
        <property name="auditDAO" ref="auditDAO" />
        <property name="googleService" ref="googleService" />   
        <property name="estateService" ref="estateService" />        
    </bean>
    
    <bean id="googleService" class="com.mtrchome.accmgm.service.GoogleServiceImpl" >
    	<constructor-arg value="${api.domain}" />
    	<constructor-arg value="${api.userName}" />
    	<constructor-arg value="${api.password}" />
    	<constructor-arg value="${proxy.host}" />
    	<constructor-arg value="${proxy.port}" />
    </bean>
     <!-- 
    <bean id="batchCreateAction" scope="prototype" class="com.mtrchome.accmgm.action.BatchCreateAction">
        <property name="userService" ref="userService" />
        <property name="targetDir" value="c:/UploadDir/" />
    </bean>
     -->
    <!-- estate bean -->
    <bean id="estateDAO" class="com.mtrchome.accmgm.dao.MtrchomeEstateDAOImpl" />
    <bean id="estateService" scope="prototype" class="com.mtrchome.accmgm.service.EstateServiceImpl">
         <property name="estateDAO" ref="estateDAO" />    
         <property name="googleService" ref="googleService" />
         <property name="userDAO" ref="userDAO" />
         <property name="auditDAO" ref="auditDAO" />
         <property name="siteURLPrefix" value="${site.prefix}" />    
    </bean>
    
	<bean id="reportDAO" class="com.mtrchome.accmgm.dao.ReportDAOImpl"
		scope="prototype" />
	<bean id="reportService" scope="prototype" class="com.mtrchome.accmgm.service.ReportServiceImpl">
		<property name="reportDAO" ref="reportDAO" />
	</bean>
    
    <!-- 20100203 -->
    <bean id="noticeDAO" class="com.mtrchome.notice.dao.NoticeDAOImpl" />
    <bean id="noticeService" scope="prototype" class="com.mtrchome.notice.service.NoticeServiceImpl">
         <property name="noticeDAO" ref="noticeDAO" />    
    </bean>
    
    <bean id="noticeTypeDAO" class="com.mtrchome.notice.dao.NoticeTypeDAOImpl" />
    <bean id="noticeTypeService" scope="prototype" class="com.mtrchome.notice.service.NoticeTypeServiceImpl">
         <property name="noticeTypeDAO" ref="noticeTypeDAO" />    
    </bean>
    
    <bean id="noticeCategoryDAO" class="com.mtrchome.notice.dao.NoticeCategoryDAOImpl" />
    <bean id="noticeCategoryService" scope="prototype" class="com.mtrchome.notice.service.NoticeCategoryServiceImpl">
         <property name="noticeCategoryDAO" ref="noticeCategoryDAO" />    
        <property name="auditDAO" ref="auditDAO" />
    </bean>
    
    <bean id="noticeStatusDAO" class="com.mtrchome.notice.dao.NoticeStatusDAOImpl" />
    <bean id="noticeStatusService" scope="prototype" class="com.mtrchome.notice.service.NoticeStatusServiceImpl">
         <property name="noticeStatusDAO" ref="noticeStatusDAO" />    
    </bean>

    <bean id="noticeFileDAO" class="com.mtrchome.notice.dao.NoticeFileDAOImpl" />
    <bean id="noticeFileService" scope="prototype" class="com.mtrchome.notice.service.NoticeFileServiceImpl">
         <property name="noticeFileDAO" ref="noticeFileDAO" />    
    </bean>

	
	<!-- 20091217 -->
	<bean id="forumDAO" class="com.mtrchome.forum.dao.ForumDAOImpl" />
    <bean id="forumService" scope="prototype" class="com.mtrchome.forum.service.ForumServiceImpl">
         <property name="forumDAO" ref="forumDAO" />    
        <property name="auditDAO" ref="auditDAO" />
    </bean>
    
	<bean id="categoryDAO" class="com.mtrchome.forum.dao.ForumCategoryDAOImpl" />
    <bean id="categoryService" scope="prototype" class="com.mtrchome.forum.service.CategoryServiceImpl">
         <property name="categoryDAO" ref="categoryDAO" />    
         <property name="auditDAO" ref="auditDAO" />
    </bean>
    
    <bean id="forumTopicDAO" class="com.mtrchome.forum.dao.ForumTopicDAOImpl" />
    <bean id="forumTopicService" scope="prototype" class="com.mtrchome.forum.service.ForumTopicServiceImpl">
         <property name="forumTopicDAO" ref="forumTopicDAO" />  
         <property name="auditDAO" ref="auditDAO" />  
    </bean>
    
    <bean id="forumPostDAO" class="com.mtrchome.forum.dao.ForumPostDAOImpl" />
    <bean id="forumPostService" scope="prototype" class="com.mtrchome.forum.service.ForumPostServiceImpl">
         <property name="forumPostDAO" ref="forumPostDAO" />    
        <property name="auditDAO" ref="auditDAO" />
    </bean>
    
	<!-- 20111116 -->
    <bean id="configDAO" class="com.mtrchome.accmgm.dao.MtrchomeConfigDAOImpl" />
    
    <!-- 20130218 - iPCMS Integration - Change Over -->
    <bean id="ipcmsImportUserDAO" class="com.mtrchome.accmgm.dao.IpcmsImportUserDAOImpl" />
    <bean id="ipcmsImportUserService" scope="prototype" class="com.mtrchome.accmgm.service.IpcmsImportUserServiceImpl">
		<property name="ipcmsImportUserDAO" ref="ipcmsImportUserDAO" />
		<property name="auditDAO" ref="auditDAO" />
    </bean>
</beans>