<?xml version="1.0" encoding="UTF-8" ?>

<!DOCTYPE struts PUBLIC
        "-//Apache Software Foundation//DTD Struts Configuration 2.0//EN"
        "http://struts.apache.org/dtds/struts-2.0.dtd">

<struts>
    <package name="tiles" extends="tiles-default" namespace="/">
   	 <result-types>  
			<result-type name="tiles" class="org.apache.struts2.views.tiles.TilesResult" default="true" />  
		</result-types>
	 <interceptors>
	       <interceptor name="localeprovider"
	           class="com.mtrchome.accmgm.action.Interceptor.LocaleInterceptor">
	       </interceptor>
	       <interceptor-stack name="defaultAndLocaleProvider">
	           <interceptor-ref name="defaultStack" />
	           <interceptor-ref name="localeprovider" />
	       </interceptor-stack>
	   </interceptors>
	   	
        <default-action-ref name="index"/>

        <action name="main" class="com.mtrchome.accmgm.action.LoginAction" method="mainpage">
            <result type="tiles">accmgm.main</result>
            <interceptor-ref name="defaultAndLocaleProvider" />
        </action>

         <action name="doBatchCreate" class="com.mtrchome.accmgm.action.BatchCreateAction" method="doUpload">
         	<!-- <param name="targetDir">c:/UploadDir/</param> -->
            <result type="tiles">batchacc.upload</result>
            <interceptor-ref name="defaultAndLocaleProvider" />
        </action>   
 
         <action name="siteListing" class="com.mtrchome.accmgm.action.SiteRedirectAction" method="siteListing">
            <result name="listing" type="tiles">site.list</result>
            <interceptor-ref name="defaultAndLocaleProvider" />
        </action>

         <action name="editProfile" class="com.mtrchome.accmgm.action.UserAction" method="editProfile">
         	<result type="tiles">profile.edit</result>
         	<interceptor-ref name="defaultAndLocaleProvider" />
        </action>   
        
         <action name="editProfileSubmit" class="com.mtrchome.accmgm.action.UserAction" method="saveProfile">
         	<result name="success" type="tiles">profile.edit</result>
         	<result name="input" type="tiles">profile.edit</result>
         	<interceptor-ref name="defaultAndLocaleProvider" />
        </action>   
        
        <!-- Ebilling - 20100223 -->
        <action name="ebilling" class="com.mtrchome.accmgm.action.EbillingAction" method="getEbilling">
         	<result type="tiles">ebilling.get</result>
         	<interceptor-ref name="defaultAndLocaleProvider" />
        </action>   
        
        <action name="ebillingServlet" class="com.mtrchome.accmgm.action.EbillingServlet">
         	<!-- <result type="tiles">ebilling.get</result>
         	<interceptor-ref name="defaultAndLocaleProvider" /> -->
        </action> 
        <!-- End - Ebilling - 20100223 -->
 
         <action name="changePassword" class="com.mtrchome.accmgm.action.PasswordAction" method="changePassword">
         	<result name="success" type="tiles">password.change</result>
         	<result name="input" type="tiles">password.change</result>
         	<interceptor-ref name="defaultAndLocaleProvider" />
        </action>  
        
        <!-- Redirect to this page if password expired - 20091125 -->
        <action name="forceChangePassword" class="com.mtrchome.accmgm.action.PasswordAction" method="changePassword">
         	<result name="success" type="tiles">password.forceChange</result>
         	<result name="input" type="tiles">password.forceChange</result>
         	<interceptor-ref name="defaultAndLocaleProvider" />
        </action>  
        <!-- End - Redirect to this page if password expired - 20091125 -->
        
         <action name="changePasswordSubmit" class="com.mtrchome.accmgm.action.PasswordAction" method="changePasswordSubmit">
         	<result name="success" type="tiles">password.change</result>
         	<result name="input" type="tiles">password.change</result>
         	<interceptor-ref name="defaultAndLocaleProvider" />
        </action>   
        
        <!-- Force change password after 180 days - 20091201 -->
        <action name="forceChangePasswordSubmit" class="com.mtrchome.accmgm.action.PasswordAction" method="changePasswordSubmit">
         	<result name="success" type="tiles">password.change</result>
         	<result name="input" type="tiles">password.forceChange</result>
         	<interceptor-ref name="defaultAndLocaleProvider" />
        </action>  
        <!-- End - Force change password after 180 days - 20091201 -->
                 
        <action name="userList" method="userList" class="com.mtrchome.accmgm.action.UserSearchAction">
        	<result name="success" type="tiles">user.list</result>
        	<interceptor-ref name="defaultAndLocaleProvider" />
        </action><!--   
        
        <action name="navigateUsers" method="navigateUsers" class="com.mtrchome.accmgm.action.UserSearchAction">
        	<result name="success" type="tiles">user.list</result>
        	<interceptor-ref name="defaultAndLocaleProvider" />
        </action>   
        
        --><action name="addUser" method="addUser" class="com.mtrchome.accmgm.action.UserCreateAction">
        	<result name="success" type="tiles">user.add</result>
        	<interceptor-ref name="defaultAndLocaleProvider" />
        </action>   
         
        <action name="addUserSubmit" method="addUserSubmit" class="com.mtrchome.accmgm.action.UserCreateAction">
        	<result name="success" type="tiles">user.add</result>
        	<result name="input" type="tiles">user.add</result>
        	<interceptor-ref name="defaultAndLocaleProvider" />
        </action>   
        
         <action name="adminListEstate" method="listEstate" class="com.mtrchome.accmgm.action.EstateAction">
        	<result name="success" type="tiles">estate.list</result>
        	<result name="input" type="tiles">estate.list</result>
        	<interceptor-ref name="defaultAndLocaleProvider" />
        </action>  
     
        <action name="adminViewEstate" method="viewEstate" class="com.mtrchome.accmgm.action.EstateAction">
        	<result name="success" type="tiles">estate.edit</result>
        	<result name="error" type="tiles">access.denied</result>
        	<result name="input" type="tiles">estate.edit</result>
        	<interceptor-ref name="defaultAndLocaleProvider" />
        </action> 
        
        <action name="adminViewEstateSumbit" method="editEstateSubmit" class="com.mtrchome.accmgm.action.EstateAction">
        	<result name="success" type="tiles">estate.added</result>
        	<result name="input" type="tiles">estate.edit</result>
        	<interceptor-ref name="defaultAndLocaleProvider" />
        </action>   

        <action name="adminAddEstate" method="addEstate" class="com.mtrchome.accmgm.action.EstateAction">
        	<result name="success" type="tiles">estate.edit</result>
        	<result name="error" type="tiles">access.denied</result>
        	<interceptor-ref name="defaultAndLocaleProvider" />
        </action>
        
		<!-- audit report -->
		<action name="auditReportPage" class="com.mtrchome.accmgm.action.AuditReportServlet" method="getAuditReportPage">
			<result name="success" type="tiles">auditReport.main</result>
			<interceptor-ref name="defaultAndLocaleProvider" />
		</action>     
		
		<!-- Add Notice Modules - 2/11/2009 -->	
		<action name="noticeList" class="com.mtrchome.accmgm.action.NoticeSearchAction" method="noticeList">
			<result name="success" type="tiles">notice.list</result>
			<interceptor-ref name="defaultAndLocaleProvider" />
		</action>  
		 
		<action name="createNotice" method="noticeDetail" class="com.mtrchome.accmgm.action.NoticeCreateAction">
        	<result name="success" type="tiles">notice.add</result>
        	<interceptor-ref name="defaultAndLocaleProvider" />
        </action>  
        
        <action name="saveCreateNotice" method="saveNoticeDetail" class="com.mtrchome.accmgm.action.NoticeCreateAction">
        	<result name="success" type="tiles">notice.add</result>
        	<result name="input" type="tiles">notice.add</result>
        	<interceptor-ref name="defaultAndLocaleProvider">
        		<param name="fileUpload.maximumSize">80000000</param>
        	</interceptor-ref>
        </action>  
        
        <!-- <action name="noticeApprove" method="noticeApprove" class="com.mtrchome.accmgm.action.NoticeCreateAction">
        	<result name="success" type="tiles">notice.save</result>
        	<interceptor-ref name="defaultAndLocaleProvider" />
        </action>  
        
        <action name="noticeReject" method="noticeReject" class="com.mtrchome.accmgm.action.NoticeCreateAction">
        	<result name="success" type="tiles">notice.save</result>
        	<interceptor-ref name="defaultAndLocaleProvider" />
        </action>  
        
        <action name="noticeSuspend" method="noticeSuspend" class="com.mtrchome.accmgm.action.NoticeCreateAction">
        	<result name="success" type="tiles">notice.save</result>
        	<interceptor-ref name="defaultAndLocaleProvider" />
        </action>  
        
        <action name="noticeOpen" method="noticeOpen" class="com.mtrchome.accmgm.action.NoticeCreateAction">
        	<result name="success" type="tiles">notice.save</result>
        	<interceptor-ref name="defaultAndLocaleProvider" />
        </action>   -->
        
        <!-- <action name="addNoticeSubmit" method="addNoticeSubmit" class="com.mtrchome.accmgm.action.NoticeCreateAction">
        	<result name="success" type="tiles">notice.add</result>
        	<interceptor-ref name="defaultAndLocaleProvider" />
        </action>   -->
        
        <action name="approvalList" class="com.mtrchome.accmgm.action.NoticeSearchAction" method="approvalList">
			<result name="success" type="tiles">approval.list</result>
			<interceptor-ref name="defaultAndLocaleProvider" />
		</action>  
        
        <action name="noticeCategoryList" method="getNoticeCategoryList" class="com.mtrchome.accmgm.action.NoticeCategoryAction">
        	<result name="success" type="tiles">categoryList.main</result>
        	<interceptor-ref name="defaultAndLocaleProvider" />
        </action>    
        
        <action name="noticeCategoryDetail" method="getNoticeCategoryDetail" class="com.mtrchome.accmgm.action.NoticeCategoryAction">
        	<result name="success" type="tiles">categoryDetail.main</result>
        	<interceptor-ref name="defaultAndLocaleProvider" />
        </action>
        
        <action name="saveNoticeCategoryDetail" method="saveNoticeCategoryDetail" class="com.mtrchome.accmgm.action.NoticeCategoryAction">
        	<result name="success" type="tiles">categoryDetail.main</result>
        	<interceptor-ref name="defaultAndLocaleProvider" />
        </action>	        
		<!-- End Add Notice Modules -->    
		
		<!-- Add Forum Modules - 18/11/2009 -->	
		<action name="forumPostList" class="com.mtrchome.accmgm.action.ForumPostSearchAction" method="forumPostList">
			<result name="success" type="tiles">forumPost.list</result>
			<interceptor-ref name="defaultAndLocaleProvider" />
		</action>   
        
        <action name="pulishForumTopic" method="pulishForumTopic" class="com.mtrchome.accmgm.action.ForumPostSearchAction">
        	<result name="success">forumPost.redirect</result>
        	<interceptor-ref name="defaultAndLocaleProvider" />
        </action>
        
        <action name="stopPulishForumTopic" method="stopPulishForumTopic" class="com.mtrchome.accmgm.action.ForumPostSearchAction">
        	<result name="success">forumPost.redirect</result>
        	<interceptor-ref name="defaultAndLocaleProvider" />
        </action>     
        
        <action name="pulishForumPost" method="pulishForumPost" class="com.mtrchome.accmgm.action.ForumPostSearchAction">
        	<result name="success">forumPost.redirect</result>
        	<interceptor-ref name="defaultAndLocaleProvider" />
        </action>
        
        <action name="stopPulishForumPost" method="stopPulishForumPost" class="com.mtrchome.accmgm.action.ForumPostSearchAction">
        	<result name="success">forumPost.redirect</result>
        	<interceptor-ref name="defaultAndLocaleProvider" />
        </action>  
        
        <action name="forumCategoryList" method="getAllForumCategoryList" class="com.mtrchome.accmgm.action.ForumCategoryAction">
        	<result name="success" type="tiles">subForumList.main</result>
        	<interceptor-ref name="defaultAndLocaleProvider" />
        </action>   
        
        <action name="forumCategoryDetail" method="getForumCategoryDetail" class="com.mtrchome.accmgm.action.ForumCategoryAction">
        	<result name="success" type="tiles">subForumDetail.main</result>
        	<interceptor-ref name="defaultAndLocaleProvider" />
        </action>		
        
        <action name="saveForumCategoryDetail" method="saveForumCategoryDetail" class="com.mtrchome.accmgm.action.ForumCategoryAction">
        	<result name="success" type="tiles">saveSubForumDetail.main</result>
        	<interceptor-ref name="defaultAndLocaleProvider" />
        </action>	
		<!-- End Add Forum Modules -->                                       
    </package>
</struts>


