<?xml version="1.0" encoding="UTF-8" ?>
<!DOCTYPE struts PUBLIC
    "-//Apache Software Foundation//DTD Struts Configuration 2.0//EN"
    "http://struts.apache.org/dtds/struts-2.0.dtd">
<struts>
    <package name="accmgm" namespace="/" extends="struts-default">
    
      <interceptors>
	       <interceptor name="localeprovider2"
	           class="com.mtrchome.accmgm.action.Interceptor.LocaleInterceptor">
	       </interceptor>
	       <interceptor-stack name="defaultAndLocaleProvider2">
	           <interceptor-ref name="defaultStack" />
	           <interceptor-ref name="localeprovider2" />
	       </interceptor-stack>
	       
	       <interceptor name="localeWithoutSession"
	           class="com.mtrchome.accmgm.action.Interceptor.LocaleInterceptor2">
	       </interceptor>
	       <interceptor-stack name="defaultAndLocaleWithoutSession">
	           <interceptor-ref name="defaultStack" />
	           <interceptor-ref name="localeWithoutSession" />
	       </interceptor-stack>	       
	   </interceptors>
        
        <!-- login -->
        <!-- 
         <action name="login" class="com.mtrchome.accmgm.action.LoginAction" method="execute">
        </action>
         -->
        <!-- google sso -->
        <action name="ProcessResponseServlet" class="com.mtrchome.accmgm.action.ProcessResponseServlet">
        	<param name="domainName">mtrchome.com</param>
        	<param name="excludeSitePattern">mail,calendar</param>
        </action>
        <!-- sso for other applications -->
         <action name="sso" class="com.mtrchome.accmgm.action.LoginAction" method="sso">
         	<result>/WEB-INF/pages/redirect.jsp</result>
        </action>
        <action name="login" class="com.mtrchome.accmgm.action.LoginAction" method="login">
        	<result>/WEB-INF/pages/login.jsp</result>
        	<interceptor-ref name="defaultAndLocaleWithoutSession" />
        </action>
        <action name="accountsLogout" class="com.mtrchome.accmgm.action.LoginAction" method="accountsLogout">
        </action>
        <!-- For logout accounts - 20091231 -->
        <action name="logoutAccounts" class="com.mtrchome.accmgm.action.LoginAction" method="logoutAccounts">
        </action>   
        <!-- End - For logout accounts - 20091231 -->
        <!-- For logout all systems - 20091230 -->
        <action name="logout" class="com.mtrchome.accmgm.action.LoginAction" method="logout">
           <result name="success">/WEB-INF/pages/logout.jsp</result>
           <interceptor-ref name="defaultAndLocaleProvider2" />
        </action>   
        <!-- End - For logout all systems - 20091230 -->
        
        <action name="redirect" class="com.mtrchome.accmgm.action.SiteRedirectAction" method="redirect">
           <result name="error">/pages/error/accessDenied.jsp</result>
           <result name="success">/WEB-INF/pages/redirect.jsp</result>
           <result name="listing">/WEB-INF/pages/admin/SiteListing.jsp</result>
           <interceptor-ref name="defaultAndLocaleProvider2" />
        </action>      
        <action name="reloginRedirect" class="com.mtrchome.accmgm.action.SiteRedirectAction" method="reloginRedirect">
           <result name="success">/WEB-INF/pages/redirect.jsp</result>
        </action>          
        <!-- Batch account -->
        <action name="accFileDownload" class="com.mtrchome.accmgm.action.BatchCreateAction" method="doDownload">
        	<result name="success" type="stream">
                <param name="contentType">${mimeType}</param>
                <param name="inputName">inputStream</param>
                <param name="contentDisposition">filename=${fileName}</param>
                <param name="bufferSize">4096</param>
			</result>
        </action> 
        <!-- user activation -->
         <action name="activation" class="com.mtrchome.accmgm.action.UserAction" method="activationAuthen">
         	<result>/WEB-INF/pages/activation/authen.jsp</result>
         	<interceptor-ref name="defaultAndLocaleWithoutSession" />
        </action>  
         <action name="activationAuthenSubmit" class="com.mtrchome.accmgm.action.UserAction" method="submitAuthen">
         	<result name="success">/WEB-INF/pages/activation/editprofile.jsp</result>
         	<result name="input">/WEB-INF/pages/activation/authen.jsp</result>
         	<interceptor-ref name="defaultAndLocaleWithoutSession" />
        </action>   
         <action name="activationSaveProfile" class="com.mtrchome.accmgm.action.UserAction" method="saveProfile">
         	<param name="successredirecturl">https://sites.google.com/a/mtrchome.com/www/</param>
         	<result name="success">/WEB-INF/pages/activation/success.jsp</result>
         	<result name="input">/WEB-INF/pages/activation/editprofile.jsp</result>
         	<interceptor-ref name="defaultAndLocaleWithoutSession" />
        </action>   
        
        <action name="ajaxCheckNameServlet" class="com.mtrchome.accmgm.action.ajax.CheckNameServlet" method="execute">
        	<result name="success" type="stream">
                <param name="contentType">text/xml</param>
                <param name="inputName">inputStream</param>
                <param name="bufferSize">4096</param>
			</result>        	
        </action>
        
        <!-- forgot password -->
         <action name="forgotPassword" class="com.mtrchome.accmgm.action.PasswordAction" method="forgotPassword">
         	<result name="success">/WEB-INF/pages/forgetPassword/forgetpassword.jsp</result>
         	<interceptor-ref name="defaultAndLocaleWithoutSession" />
        </action>  
        <action name="forgotPasswordSubmit" class="com.mtrchome.accmgm.action.PasswordAction" method="forgotPasswordSubmit">
         	<result name="success">/WEB-INF/pages/forgetPassword/forgetpassword2.jsp</result>
         	<result name="input">/WEB-INF/pages/forgetPassword/forgetpassword.jsp</result>
         	<interceptor-ref name="defaultAndLocaleWithoutSession" />
        </action>  
         <action name="forgotPwdRecovery" class="com.mtrchome.accmgm.action.PasswordAction" method="passwordRecovery">
         	<result name="success">/WEB-INF/pages/forgetPassword/forgetpassword3.jsp</result>
         	<result name="error">/WEB-INF/pages/forgetPassword/forgetpasswordfail.jsp</result>
        </action>  
          <action name="forgotPwdRecoverySubmit" class="com.mtrchome.accmgm.action.PasswordAction" method="passwordRecoverySubmit">
         	<result name="success">/WEB-INF/pages/forgetPassword/forgetpassword3.jsp</result>
         	<result name="input">/WEB-INF/pages/forgetPassword/forgetpassword3.jsp</result>
         	<result name="error">/WEB-INF/pages/forgetPassword/forgetpasswordfail.jsp</result>
        </action>     
        
        <action name="ajaxUserList" method="ajaxUserList" class="com.mtrchome.accmgm.action.UserSearchAction">
        	<result type="freemarker">/WEB-INF/pages/admin/nameoptions.ftl</result>
        </action>     
       <action name="listUser" method="listUser" class="com.mtrchome.accmgm.action.UserSearchAction">
        	<result name="success">/WEB-INF/pages/admin/ListUser.jsp</result>
        	<result name="input">/WEB-INF/pages/admin/ListUser.jsp</result>
        	<interceptor-ref name="defaultAndLocaleProvider2" />
        </action>
        
       <action name="navigateUsers" method="navigateUsers" class="com.mtrchome.accmgm.action.UserSearchAction">
        	<result name="success">/WEB-INF/pages/admin/ListUser.jsp</result>
        	<interceptor-ref name="defaultAndLocaleProvider2" />
        </action>   
        <action name="getRecord" method="getTotalRecord" class="com.mtrchome.accmgm.action.UserSearchAction">
        	<result name="success">/WEB-INF/pages/admin/TotalUserRecord.jsp</result>
        	<interceptor-ref name="defaultAndLocaleProvider2" />
        </action>  
               
       <action name="gChangePassword" class="com.mtrchome.accmgm.action.PasswordAction" method="gChangePassword">
         	<result name="success">/WEB-INF/pages/changepassword.jsp</result>
         	<result name="input">/WEB-INF/pages/changepassword.jsp</result>
         	<interceptor-ref name="defaultAndLocaleProvider2" />
        </action>  
         <action name="gChangePasswordSubmit" class="com.mtrchome.accmgm.action.PasswordAction" method="changePasswordSubmit">
         	<result name="success">/WEB-INF/pages/changepassword.jsp</result>
         	<result name="input">/WEB-INF/pages/changepassword.jsp</result>
         	<interceptor-ref name="defaultAndLocaleProvider2" />
        </action>   
        
        <!-- for admin user management -->
        <action name="adminEditProfile" class="com.mtrchome.accmgm.action.UserAction" method="adminEditProfile">
         	<result name="success">/WEB-INF/pages/activation/editprofile.jsp</result>
         	<result name="error">/pages/error/accessDenied.jsp</result>
         	<interceptor-ref name="defaultAndLocaleProvider2" />
        </action>   
        
         <action name="adminSaveProfile" class="com.mtrchome.accmgm.action.UserAction" method="adminSaveProfile">
         	<result name="success">/WEB-INF/pages/activation/editprofile.jsp</result>
         	<result name="input">/WEB-INF/pages/activation/editprofile.jsp</result>
         	<result name="error">/pages/error/accessDenied.jsp</result>
         	<interceptor-ref name="defaultAndLocaleProvider2" />
        </action>

		<!-- for audit report -->
		<action name="auditReport" method="getAuditReport"
			class="com.mtrchome.accmgm.action.AuditReportServlet">
			<result name="success" type="redirect">${redirectUrl}</result>
			<result name="xls" type="stream">
				<param name="contentType">application/vnd.ms-excel</param>
				<param name="contentDisposition">${contentDisposition}</param>
				<param name="bufferSize">1024</param>
			</result>
			<result name="csv" type="stream">
				<param name="contentType">application/vnd.ms-excel; charset=UTF-16LE</param>
				<param name="contentDisposition">${contentDisposition}</param>
				<param name="bufferSize">1024</param>
			</result>
		</action>
		
		<!-- Add Notice Modules - 4/11/2009 -->	
		<action name="listNotice" method="listNotice" class="com.mtrchome.accmgm.action.NoticeSearchAction">
        	<result name="success">/WEB-INF/pages/admin/notice/ListNotice.jsp</result>
        	<result name="input">/WEB-INF/pages/admin/notice/ListNotice.jsp</result>
        	<interceptor-ref name="defaultAndLocaleProvider2" />
        </action>
        
        <action name="navigateNotices" method="navigateNotices" class="com.mtrchome.accmgm.action.NoticeSearchAction">
        	<result name="success">/WEB-INF/pages/admin/notice/ListNotice.jsp</result>
        	<interceptor-ref name="defaultAndLocaleProvider2" />
        </action>   
        
        <action name="getNoticeRecord" method="getNoticeRecord" class="com.mtrchome.accmgm.action.NoticeSearchAction">
        	<result name="success">/WEB-INF/pages/admin/TotalUserRecord.jsp</result>
        	<interceptor-ref name="defaultAndLocaleProvider2" />
        </action>  
		<!-- End Add Notice Modules --> 
		
		<!-- Add Forum Modules - 19/11/2009 -->	
		<action name="listForumPost" method="listForumPost" class="com.mtrchome.accmgm.action.ForumPostSearchAction">
        	<result name="success">/WEB-INF/pages/admin/forum/ListForumPost.jsp</result>
        	<result name="input">/WEB-INF/pages/admin/forum/ListForumPost.jsp</result>
        	<interceptor-ref name="defaultAndLocaleProvider2" />
        </action>
        
        <action name="navigateForumPosts" method="navigateForumPosts" class="com.mtrchome.accmgm.action.ForumPostSearchAction">
        	<result name="success">/WEB-INF/pages/admin/forum/ListForumPost.jsp</result>
        	<interceptor-ref name="defaultAndLocaleProvider2" />
        </action>   
        
        <action name="getForumPostRecord" method="getForumPostRecord" class="com.mtrchome.accmgm.action.ForumPostSearchAction">
        	<result name="success">/WEB-INF/pages/admin/TotalUserRecord.jsp</result>
        	<interceptor-ref name="defaultAndLocaleProvider2" />
        </action>  
        
        <!-- <action name="pulishForumPost" method="pulishForumPost" class="com.mtrchome.accmgm.action.ForumPostSearchAction">
        	<result name="success">/WEB-INF/pages/admin/forum/ListForumPost.jsp</result>
        	<interceptor-ref name="defaultAndLocaleProvider2" />
        </action>
        
        <action name="stopPulishForumPost" method="stopPulishForumPost" class="com.mtrchome.accmgm.action.ForumPostSearchAction">
        	<result name="success">/WEB-INF/pages/admin/forum/ListForumPost.jsp</result>
        	<interceptor-ref name="defaultAndLocaleProvider2" />
        </action> -->
        
	   <!--  <action name="successMsgDIV">
	      <result>/WEB-INF/pages/admin/successMsgDIV.jsp</result>
	    </action>
	    
	    <action name="errorMsgDIV">
	      <result>/WEB-INF/pages/admin/errorMsgDIV.jsp</result>
	    </action>         -->
		<!-- End Add Forum Modules --> 		
		
		<!-- Add Forum - 20091127 -->	
		<action name="forum" method="getForumPage" class="com.mtrchome.accmgm.action.ForumAction">
        	<result name="success">/WEB-INF/pages/forum/ForumPage.jsp</result>
        	<interceptor-ref name="defaultAndLocaleProvider2" />
        </action>	
        
        <action name="forumCategory" method="getForumCategoryPage" class="com.mtrchome.accmgm.action.ForumAction">
        	<result name="success">/WEB-INF/pages/forum/SubForumPage.jsp</result>
        	<interceptor-ref name="defaultAndLocaleProvider2" />
        </action>	
        
        <action name="forumPost" method="getForumPostPage" class="com.mtrchome.accmgm.action.ForumAction">
        	<result name="success">/WEB-INF/pages/forum/ForumPostPage.jsp</result>
        	<interceptor-ref name="defaultAndLocaleProvider2" />
        </action>	
        
        <action name="addNewTopic" method="addNewTopic" class="com.mtrchome.accmgm.action.ForumAction">
        	<result name="success">/WEB-INF/pages/forum/NewTopicPage.jsp</result>
        	<interceptor-ref name="defaultAndLocaleProvider2" />
        </action>	
        
        <action name="addNewTopicSubmit" method="addNewTopicSubmit" class="com.mtrchome.accmgm.action.ForumAction">
        	<result name="input">/WEB-INF/pages/forum/ForumPage.jsp</result>
        	<result name="success">/WEB-INF/pages/forum/Redirect2ForumPostPage.jsp</result>
        	<interceptor-ref name="defaultAndLocaleProvider2" />
        </action>	
        
        <action name="addNewReplySubmit" method="addNewReplySubmit" class="com.mtrchome.accmgm.action.ForumAction">
        	<result name="input">/WEB-INF/pages/forum/ForumPage.jsp</result>
        	<result name="success">/WEB-INF/pages/forum/Redirect2ForumPostPage.jsp</result>
        	<interceptor-ref name="defaultAndLocaleProvider2" />
        </action>	
        
        <action name="searchForumPost" method="searchForumPost" class="com.mtrchome.accmgm.action.ForumAction">
        	<result name="success">/WEB-INF/pages/forum/SubForumPage.jsp</result>
        	<interceptor-ref name="defaultAndLocaleProvider2" />
        </action>	
		<!-- End Add Forum - 20091127 -->	 
		
		<!-- Add Notice - 20091201 -->   
		<action name="noticeDetail" method="noticeDetail" class="com.mtrchome.accmgm.action.NoticeCreateAction">
        	<result name="success">/WEB-INF/pages/admin/notice/NoticeDetail.jsp</result>
        	<interceptor-ref name="defaultAndLocaleProvider2" />
        </action>  
        
        <action name="saveNoticeDetail" method="saveNoticeDetail" class="com.mtrchome.accmgm.action.NoticeCreateAction">
        	<result name="success">/WEB-INF/pages/admin/notice/NoticeDetail.jsp</result>
        	<result name="input">/WEB-INF/pages/admin/notice/NoticeDetail.jsp</result>
        	<interceptor-ref name="defaultAndLocaleProvider2">
        		<param name="fileUpload.maximumSize">80000000</param>
        	</interceptor-ref>
        </action>
        
		<action name="new5Notice" method="getNew5Notice" class="com.mtrchome.accmgm.action.NoticeAction">
        	<result name="success">/WEB-INF/pages/notice/New5Notice.jsp</result>
        	<interceptor-ref name="defaultAndLocaleProvider2" />
        </action>	
        
        <action name="newNotice" method="getNewNotice" class="com.mtrchome.accmgm.action.NoticeAction">
        	<result name="success">/WEB-INF/pages/notice/NewNotice.jsp</result>
        	<interceptor-ref name="defaultAndLocaleProvider2" />
        </action>	
        
        <action name="siteNotice" method="getSiteNotice" class="com.mtrchome.accmgm.action.NoticeAction">
        	<result name="success">/WEB-INF/pages/notice/SiteNotice.jsp</result>
        	<interceptor-ref name="defaultAndLocaleProvider2" />
        </action>	
        
        <action name="generalNotice" method="getGeneralNotice" class="com.mtrchome.accmgm.action.NoticeAction">
        	<result name="success">/WEB-INF/pages/notice/GeneralNotice.jsp</result>
        	<interceptor-ref name="defaultAndLocaleProvider2" />
        </action>	
        
        <action name="clubHouseNotice" method="getClubHouseNotice" class="com.mtrchome.accmgm.action.NoticeAction">
        	<result name="success">/WEB-INF/pages/notice/ClubHouseNotice.jsp</result>
        	<interceptor-ref name="defaultAndLocaleProvider2" />
        </action>	
        
        <action name="estateNewsletter" method="getEstateNewsletter" class="com.mtrchome.accmgm.action.NoticeAction">
        	<result name="success">/WEB-INF/pages/notice/EstateNewsletter.jsp</result>
        	<interceptor-ref name="defaultAndLocaleProvider2" />
        </action>	
        
        <action name="OCNotice" method="getOCNotice" class="com.mtrchome.accmgm.action.NoticeAction">
        	<result name="success">/WEB-INF/pages/notice/OCNotice.jsp</result>
        	<interceptor-ref name="defaultAndLocaleProvider2" />
        </action>	
        
        <action name="OCNewsletter" method="getOCNewsletter" class="com.mtrchome.accmgm.action.NoticeAction">
        	<result name="success">/WEB-INF/pages/notice/OCNewsletter.jsp</result>
        	<interceptor-ref name="defaultAndLocaleProvider2" />
        </action>	
		<!-- End - Add Notice - 20091201 -->   
		
		<!-- Notice - Gen file action - 20100304 -->
		<action name="getNoticeFileServlet" class="com.mtrchome.accmgm.action.GetNoticeFileServlet">
		
        </action>	
		<!-- End - Notice - Gen file action - 20100304 -->
		
    </package>
    
    <!-- for viewing report HTML -->
	<package name="image" namespace="/" extends="struts-default">
		<action name="px" method="execute"
			class="com.mtrchome.accmgm.action.ImageServlet">
			<result name="success" type="stream">
				<param name="contentType">image/jpeg</param>
				<param name="bufferSize">512</param>
			</result>
		</action>
	</package>
</struts>
