<?xml version="1.0" encoding="UTF-8"?>
<beans xmlns="http://www.springframework.org/schema/beans"
	xmlns:xsi="http://www.w3.org/2001/XMLSchema-instance" xmlns:aop="http://www.springframework.org/schema/aop"
	xmlns:tx="http://www.springframework.org/schema/tx" xmlns:jee="http://www.springframework.org/schema/jee"
	xsi:schemaLocation="
       http://www.springframework.org/schema/beans http://www.springframework.org/schema/beans/spring-beans-2.5.xsd
       http://www.springframework.org/schema/tx http://www.springframework.org/schema/tx/spring-tx-2.5.xsd
       http://www.springframework.org/schema/aop http://www.springframework.org/schema/aop/spring-aop-2.5.xsd
       http://www.springframework.org/schema/jee http://www.springframework.org/schema/jee/spring-jee-2.5.xsd">

	<!-- Hack for JBoss 4.something until full compliance is reached -->

	<bean id="emf"
		class="org.springframework.orm.jpa.LocalEntityManagerFactoryBean">
		<property name="persistenceUnitName" value="posUnit" />
	</bean>

	<bean
		class="org.springframework.orm.jpa.support.PersistenceAnnotationBeanPostProcessor" />


	<!--
		<bean id="txManager"
		class="org.springframework.orm.jpa.JpaTransactionManager" > <property
		name="entityManagerFactory" ref="emf" /> </bean>
	-->
	<bean id="txManager"
		class="org.springframework.transaction.jta.JtaTransactionManager">
		<property name="userTransactionName">
			<value>UserTransaction</value>
		</property>
		<property name="transactionManagerName" value="java:/TransactionManager" />
		<!-- Allow to set isolation for @Transactional -->
		<property name="allowCustomIsolationLevels" value="true" />
	</bean>

	<tx:annotation-driven transaction-manager="txManager" />

	<tx:advice id="txAdvice" transaction-manager="txManager">
		<tx:attributes>
			<!-- all methods starting with 'get' are read-only transactions -->
			<tx:method name="get*" read-only="true" />
			<!-- other methods use the default transaction settings (see below) -->
			<tx:method name="*" read-only="false" />
		</tx:attributes>
	</tx:advice>
    
    <!-- scheduler -->

	<bean id="reportScheduleJob" name="reportScheduleJob"
		class="org.springframework.scheduling.quartz.JobDetailBean">
		<property name="jobClass" value="com.mtrchome.pos.util.ReportRemoval" />
		<property name="jobDataAsMap">
			<map>
				<entry key="timeout" value="5" />
			</map>
		</property>
	</bean>

	<bean id="cronTriggerForReport" class="org.springframework.scheduling.quartz.CronTriggerBean">
		<property name="jobDetail" ref="reportScheduleJob" />
		<!-- run every morning at 3 AM Monday to Friday-->
		<property name="cronExpression" value="0 0 3 ? * MON-FRI" />
		<!-- Testing -->
		<!-- <property name="cronExpression" value="0 15 * ? * MON-FRI" /> -->
	</bean>

	<bean id="schedulerFactory" class="org.springframework.scheduling.quartz.SchedulerFactoryBean">
		<property name="triggers">
			<list>
				<ref bean="cronTriggerForReport" />
			</list>
		</property>
	</bean>

	<!-- user bean -->
	<bean id="userDAO" class="com.mtrchome.accmgm.dao.MtrchomeUserDAOImpl" />
	<bean id="userService" scope="prototype"
		class="com.mtrchome.accmgm.service.UserServiceImpl">
		<property name="userDAO" ref="userDAO" />
		<property name="estateDAO" ref="estateDAO" />
	</bean>

	<!-- estate bean -->
	<bean id="estateDAO" class="com.mtrchome.accmgm.dao.MtrchomeEstateDAOImpl" />
	<!--  <bean id="UserDAO" class="com.mtrchome.booking.dao.MssqlUserDAO" /> -->
	
	<!-- For POS module -->
	<bean id="bookingDAO" class="com.mtrchome.booking.dao.MssqlBookingDAO" />
	<bean id="bookingUserDAO" class="com.mtrchome.booking.dao.MssqlUserDAO" />
	<bean id="auditDAO" class="com.mtrchome.booking.dao.MssqlAuditDAO" />
	<bean id="facilityDAO" class="com.mtrchome.booking.dao.MssqlFacilityDAO" />
	<bean id="mPHallDAO" class="com.mtrchome.booking.dao.MssqlMPHallDAO" />
	<bean id="itemCategoryDAO" class="com.mtrchome.pos.dao.PosItemCategoryDAO" />
	<bean id="vwItemCategoryDAO" class="com.mtrchome.pos.dao.readonly.VwPosItemCategoryDAO" />
	<bean id="itemDAO" class="com.mtrchome.pos.dao.PosItemDAO" />
	<bean id="vwItemDAO" class="com.mtrchome.pos.dao.readonly.VwPosItemDAO" />
	<bean id="transactionDAO" class="com.mtrchome.pos.dao.PosTransactionDAO" />
	<bean id="vwTransactionDAO" class="com.mtrchome.pos.dao.readonly.VwPosTransactionDAO" />
	<bean id="posPaymentMethodDAO" class="com.mtrchome.pos.dao.PosPaymentMethodDAO" />
	<bean id="paymentMethodRODAO" class="com.mtrchome.pos.dao.readonly.PosPaymentMethodRODAO" />
	<bean id="posPaymentMethodConfigDAO" class="com.mtrchome.pos.dao.PosPaymentMethodConfigDAO" />
	<bean id="paymentMethodConfigRODAO" class="com.mtrchome.pos.dao.readonly.PosPaymentMethodConfigRODAO" />
	<bean id="couponTypeDAO" class="com.mtrchome.pos.dao.PosCouponTypeDAO" />
	<bean id="couponTypeRODAO" class="com.mtrchome.pos.dao.readonly.PosCouponTypeRODAO" />
	<bean id="couponTypeStatusDAO" class="com.mtrchome.pos.dao.PosCouponTypeStatusDAO" />
	<bean id="discountTypeDAO" class="com.mtrchome.pos.dao.PosDiscountTypeDAO" />
	<bean id="paymentDAO" class="com.mtrchome.pos.dao.PosPaymentDAO" />
	<bean id="vwPaymentDAO" class="com.mtrchome.pos.dao.readonly.VwPosPaymentDAO" />
	<bean id="receiptConfigDAO" class="com.mtrchome.pos.dao.PosReceiptConfigDAO" />
	<bean id="receiptConfigRODAO" class="com.mtrchome.pos.dao.readonly.PosReceiptConfigRODAO" />
	<bean id="receiptPaymentIdDAO" class="com.mtrchome.pos.dao.PosReceiptPaymentIdDAO" />
	<bean id="sessionDAO" class="com.mtrchome.pos.dao.PosSessionDAO" />
	<bean id="vwSessionDAO" class="com.mtrchome.pos.dao.readonly.VwPosSessionDAO" />
	<bean id="chargeTypeDAO" class="com.mtrchome.pos.dao.PosChargeTypeDAO" />
	<bean id="vwChargeTypeDAO" class="com.mtrchome.pos.dao.readonly.VwPosChargeTypeDAO" />
	<bean id="vwPerHeadFacilityTimeslotDAO" class="com.mtrchome.pos.dao.readonly.VwPosPerHeadFacilityTimeslotDAO" />
	<bean id="refundMethodRODAO" class="com.mtrchome.pos.dao.readonly.PosRefundMethodRODAO" />
	<bean id="voidDAO" class="com.mtrchome.pos.dao.PosVoidDAO" />
	<bean id="refundDAO" class="com.mtrchome.pos.dao.PosRefundDAO" />
	<bean id="estateBookingDAO" class="com.mtrchome.booking.dao.MssqlEstateDAO" />
	<bean id="estatePortalFtpAccountRODAO" class="com.mtrchome.pos.dao.readonly.MtrchomeEstatePortalFtpAccountRODAO" />
	<bean id="estatePm21DbConnectionInfoRODAO" class="com.mtrchome.pos.dao.readonly.MtrchomeEstatePm21DbConnectionInfoRODAO" />
	<bean id="paymentLogDAO" class="com.mtrchome.pos.dao.PosPaymentLogDAO" />
	<bean id="transactionLogDAO" class="com.mtrchome.pos.dao.PosTransactionLogDAO" />
	<bean id="clubhouseLogDAO" class="com.mtrchome.pos.dao.PosClubhouseLogDAO" />
	<bean id="barcodeUsageDAO" class="com.mtrchome.pos.dao.PosBarcodeUsageDAO" />
	
	<!-- Add PosChargeTypeFacilityTypeMap -->
	<bean id="chargeTypeFacilityTypeMapDAO" class="com.mtrchome.pos.dao.PosChargeTypeFacilityTypeMapDAO" />
	<!-- End Add PosChargeTypeFacilityTypeMap -->

	<!-- Add PosChargeTypeFacilityTypeMap -->
	<bean id="vwPosChargeTypeFacilityTypeMapDAO" class="com.mtrchome.pos.dao.readonly.VwPosChargeTypeFacilityTypeMapDAO" />
	<!-- End Add PosChargeTypeFacilityTypeMap -->	

	<!-- See: http://static.springsource.org/spring/docs/2.5.x/reference/beans.html#beans-factory-scopes-session -->
	<bean id="userSession" class="com.mtrchome.pos.gwt.server.UserSession" scope="session">
		<aop:scoped-proxy />
	</bean>

	<!-- Workaround for GWT Controller service, in which the @Transactional annotation does not work properly -->
	<bean id="transactionalTransactionService" class="com.mtrchome.pos.gwt.server.TransactionalTransactionService" />
	<bean id="ipcmsService" class="com.mtrchome.pos.gwt.server.IpcmsServiceImpl" />
</beans>
