<?xml version="1.0" encoding="UTF-8"?>

<!DOCTYPE struts PUBLIC
    "-//Apache Software Foundation//DTD Struts Configuration 2.0//EN"
    "http://struts.apache.org/dtds/struts-2.0.dtd">

<struts>
<!--  GWT  -->
	<!--
		Invoking GWT service via struts2gwtplugin is depreciated, as there are
		serialization problems. Please use gwt-controller-servlet.xml instead.
	-->
   <package name="GWT"  extends="gwt-default">
	<action name="gwtBooking" class="com.mtrchome.booking.service.GWTBookingService">
		 <interceptor-ref name="gwt"/>
	</action>
  </package>
<!--  End GWT  -->

	<package name="facilityBooking"  namespace="/"  extends="struts-default">
		<interceptors>
	       <interceptor name="localeprovider"
	           class="com.mtrchome.booking.action.Interceptor.LocaleInterceptor">
	       </interceptor>
	       <interceptor-stack name="defaultAndLocaleProvider">
	           <interceptor-ref name="defaultStack" />
	           <interceptor-ref name="localeprovider" />
	       </interceptor-stack>
	   	</interceptors>
	   	
	    <action name="index" class="com.mtrchome.booking.action.IndexAction">
	      <result>/pos.jsp</result>
	      <interceptor-ref name="defaultAndLocaleProvider" />
	    </action>
	    
	    <action name="logout" class="com.mtrchome.booking.action.LoginAction" method="logout" >
	    </action>
	    
	    <!-- For logout booking - 20091231 -->
	    <action name="blank" class="com.mtrchome.booking.action.LoginAction" method="blank">
	      <result>/blank.html</result>
	      <interceptor-ref name="defaultAndLocaleProvider" />
	    </action>
	    
        <action name="logoutBooking" class="com.mtrchome.booking.action.LoginAction" method="logoutBooking">
        </action>   
        <!-- End - For logout booking - 20091231 -->
		
		<!-- 20130114 - iPCMS Integration -->
		<action name="getTenantPhotoServlet" class="com.mtrchome.pos.action.GetTenantPhotoServlet"></action>	
		<!-- End - 20130114 - iPCMS Integration -->
	    
	    <!-- Stress Test -->
	    <!--<action name="toGWT" class="com.mtrchome.booking.service.GWTBookingService" >
	     <result>/strategyTesting.jsp</result>
	    </action>-->
	     <!-- End Stress Test -->
	 </package>
	    
	<package name="adminFacilityBooking"  namespace="/admin"  extends="struts-default">
	    <action name="successMsgDIV">
	      <result>/pages/admin/successMsgDIV.jsp</result>
	    </action>
	    
	    <action name="errorMsgDIV">
	      <result>/pages/admin/errorMsgDIV.jsp</result>
	    </action>
	    
	    <action name="timeSlot" method="initialTimeSlot" class="com.mtrchome.booking.action.TimeSlotAction">
            <result>/pages/admin/timeSlot/timeSlotGrid.jsp</result>
        </action>
  	</package>
  	
  	<package name="adminFacilityBookingTiles"  namespace="/admin"  extends="tiles-default">
  		<result-types>  
			<result-type name="tiles" class="org.apache.struts2.views.tiles.TilesResult" default="true" />  
		</result-types>
		
		<interceptors>
	       <interceptor name="localeprovider"
	           class="com.mtrchome.booking.action.Interceptor.LocaleInterceptor">
	       </interceptor>
	       <interceptor-stack name="defaultAndLocaleProvider">
	           <interceptor-ref name="defaultStack" />
	           <interceptor-ref name="localeprovider" />
	       </interceptor-stack>
	   </interceptors>
		
        <default-action-ref name="clubHouse"/>
        
  		<action name="facilityTypeList" method="getAllFacilityTypeList" class="com.mtrchome.booking.action.FacilityTypeAction">
            <result type="tiles">facilityTypeList.main</result>
            <interceptor-ref name="defaultAndLocaleProvider" />
        </action>
        
  		<action name="facilityTypeDetail" method="getFacilityTypeDetail" class="com.mtrchome.booking.action.FacilityTypeAction">
            <result type="tiles">facilityTypeDetail.main</result>
            <interceptor-ref name="defaultAndLocaleProvider" />
        </action>
        
        <action name="saveFacilityTypeDetail" method="saveFacilityTypeDetail" class="com.mtrchome.booking.action.FacilityTypeAction">
            <result type="tiles">saveFacilityTypeDetail.main</result>
            <interceptor-ref name="defaultAndLocaleProvider" />
        </action>
        
        <action name="facilityList" method="getFacilityList" class="com.mtrchome.booking.action.FacilityAction">
            <result type="tiles">facilityList.main</result>
            <interceptor-ref name="defaultAndLocaleProvider" />
        </action>
        
        <action name="facilityDetail" method="getFacilityDetail" class="com.mtrchome.booking.action.FacilityAction">
            <result type="tiles">facilityDetail.main</result>
            <interceptor-ref name="defaultAndLocaleProvider" />
        </action>
        
        <action name="saveFacilityDetail" method="saveFacilityDetail" class="com.mtrchome.booking.action.FacilityAction">
            <result type="tiles">saveFacilityDetail.main</result>
            <interceptor-ref name="defaultAndLocaleProvider" />
        </action>
        
        <action name="facilityTimeSlot" method="initialTimeSlot" class="com.mtrchome.booking.action.TimeSlotAction">
            <result type="tiles">facilityTimeSlot.main</result>
            <interceptor-ref name="defaultAndLocaleProvider" />
        </action>
        
        <action name="perHeadFacilityTimeSlot" method="initialPerHeadTimeSlot" class="com.mtrchome.booking.action.TimeSlotAction">
            <result type="tiles">perHeadFacilityTimeSlot.main</result>
            <interceptor-ref name="defaultAndLocaleProvider" />
        </action>
        
        <action name="addPerHeadFacilityTimeSlot" method="addPerHeadFacilityTimeSlot" class="com.mtrchome.booking.action.TimeSlotAction">
            <result type="tiles">perHeadFacilityTimeSlot.main</result>
            <interceptor-ref name="defaultAndLocaleProvider" />
        </action>
        
        <action name="deletePerHeadFacilityTimeSlot" method="deletePerHeadFacilityTimeSlot" class="com.mtrchome.booking.action.TimeSlotAction">
            <result type="tiles">perHeadFacilityTimeSlot.main</result>
            <interceptor-ref name="defaultAndLocaleProvider" />
        </action>
		
		<action name="savePerHeadFacilityTimeSlot"  method="savePerHeadFacilityTimeSlot" class="com.mtrchome.booking.action.TimeSlotAction">
            <result type="tiles">perHeadFacilityTimeSlot.main</result>
            <interceptor-ref name="defaultAndLocaleProvider" />
        </action>
        
        <action name="clubHouse" method="getClubHouseDetail" class="com.mtrchome.booking.action.ClubHouseAction">
            <result type="tiles">clubHouse.main</result>
            <interceptor-ref name="defaultAndLocaleProvider" />
        </action>
        
        <action name="saveClubHouse" method="saveClubHouseDetail" class="com.mtrchome.booking.action.ClubHouseAction">
            <result type="tiles">saveClubHouse.main</result>
            <interceptor-ref name="defaultAndLocaleProvider" />
        </action>
        
        <action name="holidayList" method="getHolidayList" class="com.mtrchome.booking.action.ClubHouseAction">
            <result type="tiles">holidayList.main</result>
            <interceptor-ref name="defaultAndLocaleProvider" />
        </action>
        
        <action name="holidayDetail" method="getHolidayDetail" class="com.mtrchome.booking.action.ClubHouseAction">
            <result type="tiles">holidayDetail.main</result>
            <interceptor-ref name="defaultAndLocaleProvider" />
        </action>
        
        <action name="saveHolidayDetail" method="saveHolidayDetail" class="com.mtrchome.booking.action.ClubHouseAction">
            <result type="tiles">saveHolidayDetail.main</result>
            <interceptor-ref name="defaultAndLocaleProvider" />
        </action>
        
        <action name="paymentMethodList" method="getPaymentMethodList" class="com.mtrchome.booking.action.ClubHouseAction">
            <result type="tiles">paymentMethodList.main</result>
            <interceptor-ref name="defaultAndLocaleProvider" />
        </action>
        
        <action name="paymentMethodDetail" method="getPaymentMethodDetail" class="com.mtrchome.booking.action.ClubHouseAction">
            <result type="tiles">paymentMethodDetail.main</result>
            <interceptor-ref name="defaultAndLocaleProvider" />
        </action>
        
        <action name="savePaymentMethodDetail" method="savePaymentMethodDetail" class="com.mtrchome.booking.action.ClubHouseAction">
            <result type="tiles">savePaymentMethodDetail.main</result>
            <interceptor-ref name="defaultAndLocaleProvider" />
        </action>
        
        <!-- POS Payment Method Setup - 20100803 -->
        <action name="posPaymentMethod" method="getPosPaymentMethod" class="com.mtrchome.pos.action.PaymentMethodAction">
            <result type="tiles">posPaymentMethod.main</result>
            <interceptor-ref name="defaultAndLocaleProvider" />
        </action>
        
        <action name="savePosPaymentMethodConfig" method="savePosPaymentMethodConfig" class="com.mtrchome.pos.action.PaymentMethodAction">
            <result type="tiles">posPaymentMethod.main</result>
            <interceptor-ref name="defaultAndLocaleProvider" />
        </action>
        
        <action name="addGeneralCoupon" method="addGeneralCoupon" class="com.mtrchome.pos.action.PaymentMethodAction">
            <result type="tiles">posPaymentMethod.main</result>
            <interceptor-ref name="defaultAndLocaleProvider" />
        </action>
        
        <action name="delectGeneralCoupon" method="delectGeneralCoupon" class="com.mtrchome.pos.action.PaymentMethodAction">
            <result type="tiles">posPaymentMethod.main</result>
            <interceptor-ref name="defaultAndLocaleProvider" />
        </action>
        <!-- End - POS Payment Method Setup - 20100803 -->
        
        <action name="mpHallList" method="getMPHallList" class="com.mtrchome.booking.action.MPHallAction">
            <result type="tiles">mpHallList.main</result>
            <interceptor-ref name="defaultAndLocaleProvider" />
        </action>
        
        <action name="mpHallDetail" method="getMPHallDetail" class="com.mtrchome.booking.action.MPHallAction">
            <result type="tiles">mpHallDetail.main</result>
            <interceptor-ref name="defaultAndLocaleProvider" />
        </action>
        
        <action name="saveMPHallDetail" method="saveMPHallDetail" class="com.mtrchome.booking.action.MPHallAction">
            <result type="tiles">saveMPHallDetail.main</result>
            <interceptor-ref name="defaultAndLocaleProvider" />
        </action>
        
        <action name="mpHallMapping" method="getMPHallMapping" class="com.mtrchome.booking.action.MPHallAction">
            <result type="tiles">mpHallMapping.main</result>
            <interceptor-ref name="defaultAndLocaleProvider" />
        </action>
        
        <action name="addMPHallFacility" method="addMPHallFacility" class="com.mtrchome.booking.action.MPHallAction">
            <result type="tiles">addMPHallFacility.main</result>
            <interceptor-ref name="defaultAndLocaleProvider" />
        </action>
        
        <action name="deleteMPHallFacility" method="deleteMPHallFacility" class="com.mtrchome.booking.action.MPHallAction">
            <result type="tiles">deleteMPHallFacility.main</result>
            <interceptor-ref name="defaultAndLocaleProvider" />
        </action>
        <action name="saveMPHallMapping" method="saveMPHallMapping" class="com.mtrchome.booking.action.MPHallAction">
            <result type="tiles">saveMPHallMapping.main</result>
            <interceptor-ref name="defaultAndLocaleProvider" />
        </action>


		<!-- Start edit by Lewis -->
		<action name="report" method="execute" class="com.mtrchome.booking.action.ReportAction">
			<result type="tiles">report.main</result>
			<interceptor-ref name="defaultAndLocaleProvider" />			
		</action>
		<action name="userBookingReportPage" method="getUserBookingReportPage"
			class="com.mtrchome.booking.action.UserBookingReportServlet">
			<result type="tiles">userBookingReport.main</result>
			<interceptor-ref name="defaultAndLocaleProvider" />
		</action>
		<action name="userBookingReport" method="getUserBookingReport"
			class="com.mtrchome.booking.action.UserBookingReportServlet">
			<result name="success" type="redirect">${redirectUrl}</result>
			<result name="xls" type="stream">
				<param name="contentType">application/vnd.ms-excel</param>
				<param name="contentDisposition">${contentDisposition}</param>
				<param name="bufferSize">1024</param>
			</result>
			<result name="csv" type="stream">
				<param name="contentType">application/vnd.ms-excel; charset=UTF-16LE</param>
				<param name="contentDisposition">${contentDisposition}</param>
				<param name="bufferSize">1024</param>
			</result>
		</action>
		<action name="facilityBookingReportPage" method="getFacilityBookingReportPage"
			class="com.mtrchome.booking.action.FacilityBookingReportServlet">
			<result type="tiles">facilityBookingReport.main</result>
			<interceptor-ref name="defaultAndLocaleProvider" />
		</action>
		<action name="facilityBookingReport" method="getFacilityBookingReport"
			class="com.mtrchome.booking.action.FacilityBookingReportServlet">
			<result name="success" type="redirect">${redirectUrl}</result>
			<result name="xls" type="stream">
				<param name="contentType">application/vnd.ms-excel</param>
				<param name="contentDisposition">${contentDisposition}</param>
				<param name="bufferSize">1024</param>
			</result>
			<result name="csv" type="stream">
				<param name="contentType">application/vnd.ms-excel; charset=UTF-16LE</param>
				<param name="contentDisposition">${contentDisposition}</param>
				<param name="bufferSize">1024</param>
			</result>
		</action>
		<action name="auditReportPage" method="getAuditReportPage"
			class="com.mtrchome.booking.action.AuditReportServlet">
			<result type="tiles">auditReport.main</result>
			<interceptor-ref name="defaultAndLocaleProvider" />
		</action>
		<action name="auditReport" method="getAuditReport"
			class="com.mtrchome.booking.action.AuditReportServlet">
			<result name="success" type="redirect">${redirectUrl}</result>
			<result name="xls" type="stream">
				<param name="contentType">application/vnd.ms-excel</param>
				<param name="contentDisposition">${contentDisposition}</param>
				<param name="bufferSize">1024</param>
			</result>
			<result name="csv" type="stream">
				<param name="contentType">application/vnd.ms-excel; charset=UTF-16LE</param>
				<param name="contentDisposition">${contentDisposition}</param>
				<param name="bufferSize">1024</param>
			</result>
		</action>
		<!-- End edit by Lewis -->
		
		<!-- Item Sale Report - 20100825 -->
		<action name="itemSaleReportPage" method="getItemSaleReportPage"
			class="com.mtrchome.pos.action.ItemSaleReportServlet">
			<result type="tiles">itemSaleReport.main</result>
			<interceptor-ref name="defaultAndLocaleProvider" />
		</action>
		<action name="itemSaleReport" method="getItemSaleReport"
			class="com.mtrchome.pos.action.ItemSaleReportServlet">
			<result name="success" type="redirect">${redirectUrl}</result>
			<result name="xls" type="stream">
				<param name="contentType">application/vnd.ms-excel</param>
				<param name="contentDisposition">${contentDisposition}</param>
				<param name="bufferSize">1024</param>
			</result>
			<result name="csv" type="stream">
				<param name="contentType">application/vnd.ms-excel; charset=UTF-16LE</param>
				<param name="contentDisposition">${contentDisposition}</param>
				<param name="bufferSize">1024</param>
			</result>
		</action>
		<!-- End - Item Sale Report - 20100825 -->
		
		<!-- Barcode Usage Report - 20110811 -->
		<action name="barcodeUsageReportPage" method="getBarcodeUsageReportPage"
			class="com.mtrchome.pos.action.BarcodeUsageReportServlet">
			<result type="tiles">barcodeUsageReport.main</result>
			<interceptor-ref name="defaultAndLocaleProvider" />
		</action>
		<action name="barcodeUsageReport" method="getBarcodeUsageReport"
			class="com.mtrchome.pos.action.BarcodeUsageReportServlet">
			<result name="success" type="redirect">${redirectUrl}</result>
			<result name="xls" type="stream">
				<param name="contentType">application/vnd.ms-excel</param>
				<param name="contentDisposition">${contentDisposition}</param>
				<param name="bufferSize">1024</param>
			</result>
			<result name="csv" type="stream">
				<param name="contentType">application/vnd.ms-excel; charset=UTF-16LE</param>
				<param name="contentDisposition">${contentDisposition}</param>
				<param name="bufferSize">1024</param>
			</result>
		</action>
		<!-- End - Barcode Usage Report - 20110811 -->
		
		<!-- Duty Report - 20100831 -->
		<action name="dutyReport" method="getDutyReport"
			class="com.mtrchome.pos.action.DutyReportServlet">
			<result name="success" type="redirect">${redirectUrl}</result>
			<result name="xls" type="stream">
				<param name="contentType">application/vnd.ms-excel</param>
				<param name="contentDisposition">${contentDisposition}</param>
				<param name="bufferSize">1024</param>
			</result>
			<result name="csv" type="stream">
				<param name="contentType">application/vnd.ms-excel; charset=UTF-16LE</param>
				<param name="contentDisposition">${contentDisposition}</param>
				<param name="bufferSize">1024</param>
			</result>
		</action>
		<!-- End - Duty Report - 20100831 -->
		
		<!-- Pos Facility Report - 20100902 -->
		<action name="posFacilityBookingReportPage" method="getPosFacilityBookingReportPage"
			class="com.mtrchome.pos.action.PosFacilityBookingReportServlet">
			<result type="tiles">posFacilityBookingReport.main</result>
			<interceptor-ref name="defaultAndLocaleProvider" />
		</action>
		<action name="posFacilityBookingReport" method="getPosFacilityBookingReport"
			class="com.mtrchome.pos.action.PosFacilityBookingReportServlet">
			<result name="success" type="redirect">${redirectUrl}</result>
			<result name="xls" type="stream">
				<param name="contentType">application/vnd.ms-excel</param>
				<param name="contentDisposition">${contentDisposition}</param>
				<param name="bufferSize">1024</param>
			</result>
			<result name="csv" type="stream">
				<param name="contentType">application/vnd.ms-excel; charset=UTF-16LE</param>
				<param name="contentDisposition">${contentDisposition}</param>
				<param name="bufferSize">1024</param>
			</result>
		</action>
		<!-- End - Pos Facility Report - 20100902 -->
		
		<!-- Charge Type Setup - 20100726 -->
  		<action name="chargeTypeList" method="getAllChargeTypeList" class="com.mtrchome.pos.action.ChargeTypeAction">
            <result type="tiles">chargeTypeList.main</result>
            <interceptor-ref name="defaultAndLocaleProvider" />
        </action>
        
  		<action name="chargeTypeDetail" method="getChargeTypeDetail" class="com.mtrchome.pos.action.ChargeTypeAction">
            <result type="tiles">chargeTypeDetail.main</result>
            <interceptor-ref name="defaultAndLocaleProvider" />
        </action>
        
        <action name="saveChargeTypeDetail" method="saveChargeTypeDetail" class="com.mtrchome.pos.action.ChargeTypeAction">
            <result type="tiles">saveChargeTypeDetail.main</result>
            <interceptor-ref name="defaultAndLocaleProvider" />
        </action>
		<!-- End Charge Type Setup - 20100726 -->
		
		<!-- Item Type Setup - 20100730 -->
  		<action name="itemTypeList" method="getAllItemTypeList" class="com.mtrchome.pos.action.ItemTypeAction">
            <result type="tiles">itemTypeList.main</result>
            <interceptor-ref name="defaultAndLocaleProvider" />
        </action>
        
  		<action name="itemTypeDetail" method="getItemTypeDetail" class="com.mtrchome.pos.action.ItemTypeAction">
            <result type="tiles">itemTypeDetail.main</result>
            <interceptor-ref name="defaultAndLocaleProvider" />
        </action>
        
        <action name="saveItemTypeDetail" method="saveItemTypeDetail" class="com.mtrchome.pos.action.ItemTypeAction">
            <result type="tiles">saveItemTypeDetail.main</result>
            <interceptor-ref name="defaultAndLocaleProvider" />
        </action>
		<!-- End - Item Type Setup - 20100730 -->
		
		<!-- Item Setup - 20100730 -->
  		<action name="itemList" method="getAllItemList" class="com.mtrchome.pos.action.ItemAction">
            <result type="tiles">itemList.main</result>
            <interceptor-ref name="defaultAndLocaleProvider" />
        </action>
        
  		<action name="itemDetail" method="getItemDetail" class="com.mtrchome.pos.action.ItemAction">
            <result type="tiles">itemDetail.main</result>
            <interceptor-ref name="defaultAndLocaleProvider" />
        </action>
        
        <action name="saveItemDetail" method="saveItemDetail" class="com.mtrchome.pos.action.ItemAction">
            <result type="tiles">saveItemDetail.main</result>
            <interceptor-ref name="defaultAndLocaleProvider" />
        </action>
		<!-- End - Item Setup - 20100730 -->
		
		<!-- Receipt - 20100805 -->
  		<action name="receiptConfig" method="getReceiptConfig" class="com.mtrchome.pos.action.ReceiptAction">
            <result type="tiles">receiptConfig.main</result>
            <interceptor-ref name="defaultAndLocaleProvider" />
        </action>
        
  		<action name="saveReceiptConfig" method="saveReceiptConfig" class="com.mtrchome.pos.action.ReceiptAction">
            <result type="tiles">receiptConfig.main</result>
            <interceptor-ref name="defaultAndLocaleProvider" />
        </action>
        
  		<action name="receiptReprint" method="getReceiptReprint" class="com.mtrchome.pos.action.ReceiptAction">
            <result type="tiles">receiptReprint.main</result>
            <interceptor-ref name="defaultAndLocaleProvider" />
        </action>
		<!-- End - Receipt - 20100805 -->
		
		<!-- Octopus Enquiry - 20100806 -->
  		<action name="octopusEnquiry" method="getOctopusEnquiry" class="com.mtrchome.pos.action.OctopusAction">
            <result type="tiles">octopusEnquiry.main</result>
            <interceptor-ref name="defaultAndLocaleProvider" />
        </action>
		<!-- End - Octopus Enquiry - 20100806 -->
		
		<!-- Interface Health Check -->
		<action name="interfaceHealthCheck">
			<result type="tiles">interfaceHealthCheck.main</result>
			<interceptor-ref name="defaultAndLocaleProvider" />
		</action>
		
		 
		<!-- Mapping of Charge Type and Facilty Type - 20110921 -->
		<action name="chargeTypeFacilityTypeMap" method="getChargeTypeFacilityTypeMap" class="com.mtrchome.pos.action.ChargeTypeFacilityTypeMapAction">
			<result type="tiles">chargeTypeFacilityTypeMap.main</result>
			<interceptor-ref name="defaultAndLocaleProvider" />
		</action>
		
		<action name="saveChargeTypeFacilityTypeMap" method="saveChargeTypeFacilityTypeMap" class="com.mtrchome.pos.action.ChargeTypeFacilityTypeMapAction">
			<result type="tiles">chargeTypeFacilityTypeMap.main</result>
			<interceptor-ref name="defaultAndLocaleProvider" />
		</action>
		<!-- End - Mapping of Charge Type and Facilty Type - 20110921 -->
		
	</package>

	<package name="image" namespace="/" extends="struts-default">
		<action name="px" method="execute"
			class="com.mtrchome.booking.action.ImageServlet">
			<result name="success" type="stream">
				<param name="contentType">image/jpeg</param>
				<param name="bufferSize">512</param>
			</result>
		</action>
	</package>
  	
  	<package name="ajax" extends="json-default"  namespace="/admin" >
        <action name="saveFacilityTimeSlot"  method="saveFacilityTimeSlot" class="com.mtrchome.booking.action.TimeSlotAction">
            <result type="json"></result>
        </action>
        
       <!-- <action name="savePerHeadFacilityTimeSlot"  method="savePerHeadFacilityTimeSlot" class="com.mtrchome.booking.action.TimeSlotAction">
            <result type="json"></result>
        </action> -->
    </package>
</struts>


