<?xml version="1.0" encoding="UTF-8" ?>
<!DOCTYPE struts PUBLIC
    "-//Apache Software Foundation//DTD Struts Configuration 2.0//EN"
    "http://struts.apache.org/dtds/struts-2.0.dtd">
<struts>
	<constant name="struts.objectFactory" value="spring" />
    <constant name="struts.devMode" value="false" />
	<constant name="struts.configuration.xml.reload" value="true" />
    <constant name="struts.serve.static.browserCache" value="false" />
    <constant name="struts.custom.i18n.resources" value="facilityBookingMessages" />
	<constant name="struts.locale" value="en" />
	<constant name="struts.i18n.encoding" value="UTF-8" />
	<constant name="struts.i18n.reload" value="true" />
    
    <!-- 20131121 - Security Issue as requested by Raymond Yip - http://struts.apache.org/release/2.3.x/docs/s2-019.html -->
    <constant name="struts.enable.DynamicMethodInvocation" value="false"/>
	
	
	<include file="struts-booking.xml" />
</struts>
